"page","page_pos","scrape_date","fantasypros_id","player_name","pos","team","rank","ecr","sd","best","worst","sportradar_id","yahoo_id","cbs_id","player_positions","player_short_name","player_eligibility","player_yahoo_positions","player_page_url","player_filename","player_square_image_url","player_image_url","player_bye_week","player_owned_avg","player_owned_espn","player_owned_yahoo","player_opponent","player_opponent_id","player_ecr_delta","note","tag","recommendation","pos_rank","start_sit_grade"
"qb","QB",2023-01-29,"19196","Joe Burrow","QB","CIN",1,1.17,0.37,1,2,"3023ac10-4e7f-425f-9fc5-2b8e6332c92e","32671","2179798","QB","J. Burrow","QB","QB","https://www.fantasypros.com/nfl/players/joe-burrow.php","joe-burrow.php","https://images.fantasypros.com/images/players/nfl/19196/headshot/210x210.png","https://images.fantasypros.com/images/players/nfl/19196/headshot/210x210.png","10",99.7,99.3,100,"at KC","KC",NA,NA,NA,NA,"QB1","A+"
"qb","QB",2023-01-29,"19275","Jalen Hurts","QB","PHI",2,1.83,0.37,1,2,"64bd0f02-6a5d-407e-98f1-fd02048ea21d","32723","2240246","QB","J. Hurts","QB","QB","https://www.fantasypros.com/nfl/players/jalen-hurts.php","jalen-hurts.php","https://images.fantasypros.com/images/players/nfl/19275/headshot/210x210.png","https://images.fantasypros.com/images/players/nfl/19275/headshot/210x210.png","7",98.9,99.7,98,"vs. SF","SF",NA,NA,NA,NA,"QB2","A"
"qb","QB",2023-01-29,"16413","Patrick Mahomes","QB","KC",3,3.17,0.37,3,4,"11cad59d-90dd-449c-a839-dddaba4fe16c","30123","2142052","QB","P. Mahomes II","QB","QB","https://www.fantasypros.com/nfl/players/patrick-mahomes.php","patrick-mahomes.php","https://images.fantasypros.com/images/players/nfl/16413/headshot/210x210.png","https://images.fantasypros.com/images/players/nfl/16413/headshot/210x210.png","8",100,99.9,100,"vs. CIN","CIN",NA,NA,NA,NA,"QB3","A-"
"qb","QB",2023-01-29,"19797","Brock Purdy","QB","SF",4,3.83,0.37,3,4,"d5aef708-ad61-4ab8-a637-62ff96e92040","34218","2961306","QB","B. Purdy","QB","QB","https://www.fantasypros.com/nfl/players/brock-purdy.php","brock-purdy.php","","","9",42.9,40.8,45,"at PHI","PHI",NA,NA,NA,NA,"QB4","A-"
"ppr-rb","RB",2023-01-29,"16393","Christian McCaffrey","RB","SF",1,1.07,0.25,1,2,"f96db0af-5e25-42d1-a07a-49b4e065b364","30121","2136743","RB","C. McCaffrey","RB","RB","https://www.fantasypros.com/nfl/players/christian-mccaffrey.php","christian-mccaffrey.php","https://images.fantasypros.com/images/players/nfl/16393/headshot/210x210.png","https://images.fantasypros.com/images/players/nfl/16393/headshot/210x210.png","9",100,99.9,100,"at PHI","PHI",NA,NA,NA,NA,"RB1","A+"
"ppr-rb","RB",2023-01-29,"16420","Joe Mixon","RB","CIN",2,1.93,0.25,1,2,"7797f36e-87e8-4282-b6d2-bdb1774fc3b3","30161","2131143","RB","J. Mixon","RB","RB","https://www.fantasypros.com/nfl/players/joe-mixon.php","joe-mixon.php","https://images.fantasypros.com/images/players/nfl/16420/headshot/210x210.png","https://images.fantasypros.com/images/players/nfl/16420/headshot/210x210.png","10",99.9,99.8,100,"at KC","KC",NA,NA,NA,NA,"RB2","A+"
"ppr-rb","RB",2023-01-29,"12209","Jerick McKinnon","RB","KC",3,3.2,0.4,3,4,"f77479d7-51a5-41f9-8924-69526dd078cd","27624","2129436","RB","J. McKinnon","RB","RB","https://www.fantasypros.com/nfl/players/jerick-mckinnon.php","jerick-mckinnon.php","https://images.fantasypros.com/images/players/nfl/12209/headshot/210x210.png","https://images.fantasypros.com/images/players/nfl/12209/headshot/210x210.png","8",86,83.9,88,"vs. CIN","CIN",NA,NA,NA,NA,"RB3","A"
"ppr-rb","RB",2023-01-29,"24333","Isiah Pacheco","RB","KC",4,4,0.37,3,5,"3a25c037-fa30-4740-b742-ec8e4f1a2a25","34207","2966551","RB","I. Pacheco","RB","RB","https://www.fantasypros.com/nfl/players/isiah-pacheco.php","isiah-pacheco.php","","","8",86.3,84.6,88,"vs. CIN","CIN",NA,NA,NA,NA,"RB4","A"
"ppr-rb","RB",2023-01-29,"18283","Miles Sanders","RB","PHI",5,4.67,0.7,3,5,"ef3ceaf4-b733-4e06-a7f4-a94fc67361c1","31885","2251305","RB","M. Sanders","RB","RB","https://www.fantasypros.com/nfl/players/miles-sanders.php","miles-sanders.php","https://images.fantasypros.com/images/players/nfl/18283/headshot/210x210.png","https://images.fantasypros.com/images/players/nfl/18283/headshot/210x210.png","7",96.7,96.4,97,"vs. SF","SF",NA,NA,NA,NA,"RB5","A"
"ppr-rb","RB",2023-01-29,"22813","Elijah Mitchell","RB","SF",6,6.4,0.61,5,7,"8ba68abf-e9d2-4927-bf8d-476f271d840c","33582","2819876","RB","E. Mitchell","RB","RB","https://www.fantasypros.com/nfl/players/elijah-mitchell-rb.php","elijah-mitchell-rb.php","https://images.fantasypros.com/images/players/nfl/22813/headshot/210x210.png","https://images.fantasypros.com/images/players/nfl/22813/headshot/210x210.png","9",29.5,31,28,"at PHI","PHI",NA,NA,NA,NA,"RB6","A"
"ppr-rb","RB",2023-01-29,"16423","Samaje Perine","RB","CIN",7,6.73,0.68,6,8,"e601812f-ce24-4e99-bee0-e33c1e9014e4","30227","2131148","RB","S. Perine","RB","RB","https://www.fantasypros.com/nfl/players/samaje-perine.php","samaje-perine.php","https://images.fantasypros.com/images/players/nfl/16423/headshot/210x210.png","https://images.fantasypros.com/images/players/nfl/16423/headshot/210x210.png","10",46.7,40.4,53,"at KC","KC",NA,NA,NA,NA,"RB7","A"
"ppr-rb","RB",2023-01-29,"23310","Kenneth Gainwell","RB","PHI",8,7.73,0.57,6,8,"e2a5882a-dcc1-4800-889f-3b957b21834f","33538","2968948","RB","K. Gainwell","RB","RB","https://www.fantasypros.com/nfl/players/kenneth-gainwell.php","kenneth-gainwell.php","https://images.fantasypros.com/images/players/nfl/23310/headshot/210x210.png","https://images.fantasypros.com/images/players/nfl/23310/headshot/210x210.png","7",11.2,8.3,14,"vs. SF","SF",NA,NA,NA,NA,"RB8","A"
"ppr-rb","RB",2023-01-29,"17612","Boston Scott","RB","PHI",9,9,0,9,9,"768f6afa-ba24-40d9-bdc1-3184bba2ec2b","31171","2079334","RB","B. Scott","RB","RB","https://www.fantasypros.com/nfl/players/boston-scott.php","boston-scott.php","https://images.fantasypros.com/images/players/nfl/17612/headshot/210x210.png","https://images.fantasypros.com/images/players/nfl/17612/headshot/210x210.png","7",1.2,1.4,1,"vs. SF","SF",NA,NA,NA,NA,"RB9","A"
"ppr-rb","RB",2023-01-29,"11798","Kyle Juszczyk","RB","SF",10,10,0,10,10,"67da5b5c-0db9-4fbc-b98d-7eb8e97b69f6","26753","1683145","RB","K. Juszczyk","RB","RB","https://www.fantasypros.com/nfl/players/kyle-juszczyk.php","kyle-juszczyk.php","https://images.fantasypros.com/images/players/nfl/11798/headshot/210x210.png","https://images.fantasypros.com/images/players/nfl/11798/headshot/210x210.png","9",0.4,0.4,0,"at PHI","PHI",NA,NA,NA,NA,"RB10","A-"
"ppr-rb","RB",2023-01-29,"22969","Jordan Mason","RB","SF",11,11,0,11,11,"af9f7390-ca80-11ec-97ae-e1573849d1a6","34320","2967536","RB","J. Mason","RB","RB","https://www.fantasypros.com/nfl/players/jordan-mason.php","jordan-mason.php","","","9",6.6,4.1,9,"at PHI","PHI",NA,NA,NA,NA,"RB11","A-"
"ppr-rb","RB",2023-01-29,"17243","Ronald Jones","RB","KC",12,12,0,12,12,"15965c39-17be-4338-911a-8f337f48a3ce","31008","2180329","RB","R. Jones II","RB","RB","https://www.fantasypros.com/nfl/players/ronald-jones-ii.php","ronald-jones-ii.php","https://images.fantasypros.com/images/players/nfl/17243/headshot/210x210.png","https://images.fantasypros.com/images/players/nfl/17243/headshot/210x210.png","8",2.5,1.9,3,"vs. CIN","CIN",NA,NA,NA,NA,"RB12","B+"
"ppr-rb","RB",2023-01-29,"22992","Tyrion Davis-Price","RB","SF",13,13,0,13,13,"052cdbeb-f758-4110-ac1a-675cd0335db9","34049","3123979","RB","T. Davis-Price","RB","RB","https://www.fantasypros.com/nfl/players/tyrion-davis-price.php","tyrion-davis-price.php","","","9",0.9,0.8,1,"at PHI","PHI",NA,NA,NA,NA,"RB13","B-"
"ppr-wr","WR",2023-01-29,"19788","JaMarr Chase","WR","CIN",1,1,0,1,1,"fa99e984-d63b-4ef4-a164-407f68a7eeaf","33393","2966320","WR","J. Chase","WR","WR","https://www.fantasypros.com/nfl/players/jamarr-chase.php","jamarr-chase.php","https://images.fantasypros.com/images/players/nfl/19788/headshot/210x210.png","https://images.fantasypros.com/images/players/nfl/19788/headshot/210x210.png","10",100,99.9,100,"at KC","KC",NA,NA,NA,NA,"WR1","A+"
"ppr-wr","WR",2023-01-29,"18218","AJ Brown","WR","PHI",2,2,0,2,2,"a9e580f2-1fbe-46fb-887c-c84089b507e4","31883","2258303","WR","A.J. Brown","WR","WR","https://www.fantasypros.com/nfl/players/aj-brown.php","aj-brown.php","https://images.fantasypros.com/images/players/nfl/18218/headshot/210x210.png","https://images.fantasypros.com/images/players/nfl/18218/headshot/210x210.png","7",99.9,99.8,100,"vs. SF","SF",NA,NA,NA,NA,"WR2","A+"
"ppr-wr","WR",2023-01-29,"19222","DeVonta Smith","WR","PHI",3,3.27,0.57,3,5,"3555d07e-57ae-43de-97d5-b1b5bf055f17","33398","2866975","WR","D. Smith","WR","WR","https://www.fantasypros.com/nfl/players/devonta-smith.php","devonta-smith.php","https://images.fantasypros.com/images/players/nfl/19222/headshot/210x210.png","https://images.fantasypros.com/images/players/nfl/19222/headshot/210x210.png","7",95.1,95.2,95,"vs. SF","SF",NA,NA,NA,NA,"WR3","A+"
"ppr-wr","WR",2023-01-29,"18244","Deebo Samuel","WR","SF",4,3.93,0.25,3,4,"628a6a0a-4fde-4024-8d7c-28674953d5af","31868","2139735","WR","D. Samuel","WR","WR","https://www.fantasypros.com/nfl/players/deebo-samuel.php","deebo-samuel.php","https://images.fantasypros.com/images/players/nfl/18244/headshot/210x210.png","https://images.fantasypros.com/images/players/nfl/18244/headshot/210x210.png","9",93.9,96.7,91,"at PHI","PHI",NA,NA,NA,NA,"WR4","A+"
"ppr-wr","WR",2023-01-29,"19211","Tee Higgins","WR","CIN",5,4.93,0.77,3,7,"7963b029-5de4-4541-b00a-44eefe4349af","32703","2809208","WR","T. Higgins","WR","WR","https://www.fantasypros.com/nfl/players/tee-higgins.php","tee-higgins.php","https://images.fantasypros.com/images/players/nfl/19211/headshot/210x210.png","https://images.fantasypros.com/images/players/nfl/19211/headshot/210x210.png","10",99.2,99.4,99,"at KC","KC",NA,NA,NA,NA,"WR5","A+"
"ppr-wr","WR",2023-01-29,"19252","Brandon Aiyuk","WR","SF",6,6.47,0.62,5,7,"c90471cc-fa60-4416-9388-5aebb5d877eb","32695","2967489","WR","B. Aiyuk","WR","WR","https://www.fantasypros.com/nfl/players/brandon-aiyuk.php","brandon-aiyuk.php","https://images.fantasypros.com/images/players/nfl/19252/headshot/210x210.png","https://images.fantasypros.com/images/players/nfl/19252/headshot/210x210.png","9",91.8,90.6,93,"at PHI","PHI",NA,NA,NA,NA,"WR6","A"
"ppr-wr","WR",2023-01-29,"16427","JuJu Smith-Schuster","WR","KC",7,6.73,0.77,6,8,"9547fbb1-0d4f-4d9e-83b9-e2fa30463bb9","30175","2139620","WR","J. Smith-Schuster","WR","WR","https://www.fantasypros.com/nfl/players/juju-smith-schuster.php","juju-smith-schuster.php","https://images.fantasypros.com/images/players/nfl/16427/headshot/210x210.png","https://images.fantasypros.com/images/players/nfl/16427/headshot/210x210.png","8",94.1,93.2,95,"vs. CIN","CIN",NA,NA,NA,NA,"WR7","A"
"ppr-wr","WR",2023-01-29,"20119","Kadarius Toney","WR","KC",8,8.33,0.79,6,9,"b4af6462-3e3a-49d5-9d96-482ad9f3c0c8","33408","2767487","WR","K. Toney","WR","WR","https://www.fantasypros.com/nfl/players/kadarius-toney.php","kadarius-toney.php","https://images.fantasypros.com/images/players/nfl/20119/headshot/210x210.png","https://images.fantasypros.com/images/players/nfl/20119/headshot/210x210.png","8",33.5,38.9,28,"vs. CIN","CIN",NA,NA,NA,NA,"WR8","A"
"ppr-wr","WR",2023-01-29,"15547","Tyler Boyd","WR","CIN",9,8.6,0.71,7,10,"76a5edec-5ff7-49fa-a8ec-5768a372279d","29288","2071582","WR","T. Boyd","WR","WR","https://www.fantasypros.com/nfl/players/tyler-boyd.php","tyler-boyd.php","https://images.fantasypros.com/images/players/nfl/15547/headshot/210x210.png","https://images.fantasypros.com/images/players/nfl/15547/headshot/210x210.png","10",71.8,70.6,73,"at KC","KC",NA,NA,NA,NA,"WR9","A"
"ppr-wr","WR",2023-01-29,"17528","Marquez Valdes-Scantling","WR","KC",10,10.07,0.25,10,11,"e7f0a505-8060-403e-a3b3-9d4e88dda1dc","31144","2071540","WR","M. Valdes-Scantling","WR","WR","https://www.fantasypros.com/nfl/players/marquez-valdesscantling.php","marquez-valdesscantling.php","https://images.fantasypros.com/images/players/nfl/17528/headshot/210x210.png","https://images.fantasypros.com/images/players/nfl/17528/headshot/210x210.png","8",43.5,47,40,"vs. CIN","CIN",NA,NA,NA,NA,"WR10","A"
"ppr-wr","WR",2023-01-29,"19590","Jauan Jennings","WR","SF",11,10.8,0.54,9,11,"3ae9f0fa-c711-4663-80cf-4707856c07aa","32887","2180514","WR","J. Jennings","WR","WR","https://www.fantasypros.com/nfl/players/jauan-jennings.php","jauan-jennings.php","https://images.fantasypros.com/images/players/nfl/19590/headshot/210x210.png","https://images.fantasypros.com/images/players/nfl/19590/headshot/210x210.png","9",1.4,0.7,2,"at PHI","PHI",NA,NA,NA,NA,"WR11","A"
"ppr-wr","WR",2023-01-29,"19715","Quez Watkins","WR","PHI",12,12.4,0.49,12,13,"ca85137c-205c-458e-8b77-8457849f614c","32870","2262953","WR","Q. Watkins","WR","WR","https://www.fantasypros.com/nfl/players/quez-watkins.php","quez-watkins.php","https://images.fantasypros.com/images/players/nfl/19715/headshot/210x210.png","https://images.fantasypros.com/images/players/nfl/19715/headshot/210x210.png","7",1.2,1.4,1,"vs. SF","SF",NA,NA,NA,NA,"WR12","A"
"ppr-wr","WR",2023-01-29,"18726","Trenton Irwin","WR","CIN",13,13.6,0.71,12,15,"ee79ad2e-353a-40cd-9344-c9d84f7e4b63","32438","3117052","WR","T. Irwin","WR","WR","https://www.fantasypros.com/nfl/players/trenton-irwin.php","trenton-irwin.php","https://images.fantasypros.com/images/players/nfl/18726/headshot/210x210.png","https://images.fantasypros.com/images/players/nfl/18726/headshot/210x210.png","10",0.7,0.3,1,"at KC","KC",NA,NA,NA,NA,"WR13","A"
"ppr-wr","WR",2023-01-29,"17603","Justin Watson","WR","KC",14,13.93,0.85,13,16,"bdb77276-7191-4454-85c2-e1693a33d709","31114","2137198","WR","J. Watson","WR","WR","https://www.fantasypros.com/nfl/players/justin-watson.php","justin-watson.php","https://images.fantasypros.com/images/players/nfl/17603/headshot/210x210.png","https://images.fantasypros.com/images/players/nfl/17603/headshot/210x210.png","8",0.9,0.7,1,"vs. CIN","CIN",NA,NA,NA,NA,"WR14","A"
"ppr-wr","WR",2023-01-29,"23905","Skyy Moore","WR","KC",15,14.93,0.93,12,16,"1c8a4510-786c-4bc2-a9e9-e491b688206f","34009","3126874","WR","S. Moore","WR","WR","https://www.fantasypros.com/nfl/players/skyy-moore.php","skyy-moore.php","https://images.fantasypros.com/images/players/nfl/23905/headshot/210x210.png","https://images.fantasypros.com/images/players/nfl/23905/headshot/210x210.png","8",11.9,16.8,7,"vs. CIN","CIN",NA,NA,NA,NA,"WR15","A-"
"ppr-wr","WR",2023-01-29,"18587","Mecole Hardman","WR","KC",16,16.33,1.7,12,18,"fe6dc768-d576-476c-b150-53b85af2a1d1","31888","2248618","WR","M. Hardman","WR","WR","https://www.fantasypros.com/nfl/players/mecole-hardman.php","mecole-hardman.php","https://images.fantasypros.com/images/players/nfl/18587/headshot/210x210.png","https://images.fantasypros.com/images/players/nfl/18587/headshot/210x210.png","8",26.3,25.5,27,"vs. CIN","CIN",NA,NA,NA,NA,"WR16","A-"
"ppr-wr","WR",2023-01-29,"17530","Ray-Ray McCloud","WR","SF",17,16.33,0.47,16,17,"f7ff7599-a175-4a0c-b887-3ae9e596fc64","31157","2179226","WR","R. McCloud III","WR","WR","https://www.fantasypros.com/nfl/players/ray-ray-mccloud.php","ray-ray-mccloud.php","https://images.fantasypros.com/images/players/nfl/17530/headshot/210x210.png","https://images.fantasypros.com/images/players/nfl/17530/headshot/210x210.png","9",0.7,0.3,1,"at PHI","PHI",NA,NA,NA,NA,"WR17","A-"
"ppr-wr","WR",2023-01-29,"16972","Zach Pascal","WR","PHI",18,17.8,0.4,17,18,"7fc949b6-a1cb-4f9d-a06d-b65773409a44","30502","1989197","WR","Z. Pascal","WR","WR","https://www.fantasypros.com/nfl/players/zach-pascal.php","zach-pascal.php","https://images.fantasypros.com/images/players/nfl/16972/headshot/210x210.png","https://images.fantasypros.com/images/players/nfl/16972/headshot/210x210.png","7",0.1,0.1,0,"vs. SF","SF",NA,NA,NA,NA,"WR18","A-"
"ppr-wr","WR",2023-01-29,"16505","Trent Taylor","WR","CIN",19,19,0,19,19,"3e2e74e9-18a8-4275-9437-b275db27e2ff","30290","2060838","WR","T. Taylor","WR","WR","https://www.fantasypros.com/nfl/players/trent-taylor.php","trent-taylor.php","https://images.fantasypros.com/images/players/nfl/16505/headshot/210x210.png","https://images.fantasypros.com/images/players/nfl/16505/headshot/210x210.png","10",0.1,0.1,0,"at KC","KC",NA,NA,NA,NA,"WR19","B"
"ppr-te","TE",2023-01-29,"11594","Travis Kelce","TE","KC",1,1,0,1,1,"c3859e06-5f23-4302-a71b-04820a899d5f","26686","1725130","TE","T. Kelce","TE","TE","https://www.fantasypros.com/nfl/players/travis-kelce.php","travis-kelce.php","https://images.fantasypros.com/images/players/nfl/11594/headshot/210x210.png","https://images.fantasypros.com/images/players/nfl/11594/headshot/210x210.png","8",100,100,100,"vs. CIN","CIN",NA,NA,NA,NA,"TE1","A+"
"ppr-te","TE",2023-01-29,"16499","George Kittle","TE","SF",2,2.07,0.26,2,3,"2ada91b0-036e-454f-83c3-6d939ff584a9","30259","2818265","TE","G. Kittle","TE","TE","https://www.fantasypros.com/nfl/players/george-kittle.php","george-kittle.php","https://images.fantasypros.com/images/players/nfl/16499/headshot/210x210.png","https://images.fantasypros.com/images/players/nfl/16499/headshot/210x210.png","9",99.2,99.3,99,"at PHI","PHI",NA,NA,NA,NA,"TE2","A"
"ppr-te","TE",2023-01-29,"17270","Dallas Goedert","TE","PHI",3,3,0.38,2,4,"e8029983-87cf-49a2-bc04-04c8233a0630","31019","2132551","TE","D. Goedert","TE","TE","https://www.fantasypros.com/nfl/players/dallas-goedert.php","dallas-goedert.php","https://images.fantasypros.com/images/players/nfl/17270/headshot/210x210.png","https://images.fantasypros.com/images/players/nfl/17270/headshot/210x210.png","7",91.9,90.7,93,"vs. SF","SF",NA,NA,NA,NA,"TE3","A"
"ppr-te","TE",2023-01-29,"17283","Hayden Hurst","TE","CIN",4,3.93,0.26,3,4,"1b125fc4-5dd9-4eb9-a42f-048e61ca42b7","30995","2185053","TE","H. Hurst","TE","TE","https://www.fantasypros.com/nfl/players/hayden-hurst.php","hayden-hurst.php","https://images.fantasypros.com/images/players/nfl/17283/headshot/210x210.png","https://images.fantasypros.com/images/players/nfl/17283/headshot/210x210.png","10",35.8,38.6,33,"at KC","KC",NA,NA,NA,NA,"TE4","A"
"ppr-te","TE",2023-01-29,"19539","Noah Gray","TE","KC",5,5,0,5,5,"c97dfcb6-b999-476f-8487-f3848e92df17","33550","2866903","TE","N. Gray","TE","TE","https://www.fantasypros.com/nfl/players/noah-gray.php","noah-gray.php","https://images.fantasypros.com/images/players/nfl/19539/headshot/210x210.png","https://images.fantasypros.com/images/players/nfl/19539/headshot/210x210.png","8",0.3,0.3,0,"vs. CIN","CIN",NA,NA,NA,NA,"TE5","A-"
"ppr-te","TE",2023-01-29,"13966","Blake Bell","TE","KC",6,6.43,0.82,6,9,"0cc4e449-185a-4b08-9f07-c907ad0c3e05","28505","1737101","TE","B. Bell","TE","TE","https://www.fantasypros.com/nfl/players/blake-bell.php","blake-bell.php","https://images.fantasypros.com/images/players/nfl/13966/headshot/210x210.png","https://images.fantasypros.com/images/players/nfl/13966/headshot/210x210.png","8",0,0,0,"vs. CIN","CIN",NA,NA,NA,NA,"TE6","B+"
"ppr-te","TE",2023-01-29,"19510","Mitchell Wilcox","TE","CIN",7,7,0.65,6,9,"b2d98b60-b4b3-4610-81d2-2154c723fdbb","33171","2188431","TE","M. Wilcox","TE","TE","https://www.fantasypros.com/nfl/players/mitchell-wilcox.php","mitchell-wilcox.php","https://images.fantasypros.com/images/players/nfl/19510/headshot/210x210.png","https://images.fantasypros.com/images/players/nfl/19510/headshot/210x210.png","10",0.2,0.2,0,"at KC","KC",NA,NA,NA,NA,"TE7","B+"
"ppr-te","TE",2023-01-29,"23193","Jack Stoll","TE","PHI",8,8.14,0.35,8,9,"0560d134-d316-4cda-9d48-34d32267af68","33891","2239684","TE","J. Stoll","TE","TE","https://www.fantasypros.com/nfl/players/jack-stoll.php","jack-stoll.php","https://images.fantasypros.com/images/players/nfl/23193/headshot/210x210.png","https://images.fantasypros.com/images/players/nfl/23193/headshot/210x210.png","7",0.3,0.3,0,"vs. SF","SF",NA,NA,NA,NA,"TE8","B"
"ppr-te","TE",2023-01-29,"13960","Tyler Kroft","TE","SF",9,9.21,0.94,7,10,"36f54823-9d51-4180-9c91-d10281deb4bf","28473","1824200","TE","T. Kroft","TE","TE","https://www.fantasypros.com/nfl/players/tyler-kroft.php","tyler-kroft.php","https://images.fantasypros.com/images/players/nfl/13960/headshot/210x210.png","https://images.fantasypros.com/images/players/nfl/13960/headshot/210x210.png","9",0,0,0,"at PHI","PHI",NA,NA,NA,NA,"TE9","B-"
"ppr-te","TE",2023-01-29,"19665","Charlie Woerner","TE","SF",10,9.5,0.5,9,10,"527dfee0-a242-4dc7-830a-ab7028308259","32860","2248629","TE","C. Woerner","TE","TE","https://www.fantasypros.com/nfl/players/charlie-woerner.php","charlie-woerner.php","https://images.fantasypros.com/images/players/nfl/19665/headshot/210x210.png","https://images.fantasypros.com/images/players/nfl/19665/headshot/210x210.png","9",0,0,0,"at PHI","PHI",NA,NA,NA,NA,"TE10","C"
"k","K",2023-01-29,"9534","Robbie Gould","K","SF",1,2.25,1.09,1,4,"abd73d50-ce60-47f1-b37f-2f9a05b0d7b9","7520","553121","K","R. Gould","K","K","https://www.fantasypros.com/nfl/players/robbie-gould.php","robbie-gould.php","https://images.fantasypros.com/images/players/nfl/9534/headshot/210x210.png","https://images.fantasypros.com/images/players/nfl/9534/headshot/210x210.png","9",43.1,40.2,46,"at PHI","PHI",1,NA,NA,NA,"K1","A-"
"k","K",2023-01-29,"16712","Harrison Butker","K","KC",2,2.25,0.97,1,4,"4ceb866c-8eaf-49b5-9043-56228e43a2e5","30346","2078888","K","H. Butker","K","K","https://www.fantasypros.com/nfl/players/harrison-butker.php","harrison-butker.php","https://images.fantasypros.com/images/players/nfl/16712/headshot/210x210.png","https://images.fantasypros.com/images/players/nfl/16712/headshot/210x210.png","8",89.1,86.2,92,"vs. CIN","CIN",-1,NA,NA,NA,"K2","B+"
"k","K",2023-01-29,"23297","Evan McPherson","K","CIN",3,2.25,0.83,1,3,"acc143ed-53b2-49c9-81bc-16e6c98ffcae","33537","2962681","K","E. McPherson","K","K","https://www.fantasypros.com/nfl/players/evan-mcpherson.php","evan-mcpherson.php","https://images.fantasypros.com/images/players/nfl/23297/headshot/210x210.png","https://images.fantasypros.com/images/players/nfl/23297/headshot/210x210.png","10",85.1,80.1,90,"at KC","KC",NA,NA,NA,NA,"K3","A+"
"k","K",2023-01-29,"16540","Jake Elliott","K","PHI",4,3.13,0.93,2,4,"059e5bb7-1842-4558-9aaf-77c352a21216","30266","2080295","K","J. Elliott","K","K","https://www.fantasypros.com/nfl/players/jake-elliott.php","jake-elliott.php","https://images.fantasypros.com/images/players/nfl/16540/headshot/210x210.png","https://images.fantasypros.com/images/players/nfl/16540/headshot/210x210.png","7",27.6,17.1,38,"vs. SF","SF",NA,NA,NA,NA,"K4","B-"
"dst","DST",2023-01-29,"8230","Philadelphia Eagles","DST","PHI",1,1.38,0.48,1,2,"386bdbf9-9eea-4869-bb9a-274b0bc66e80","100021","1921","DST","PHI DST","DST","DST","https://www.fantasypros.com/nfl/players/philadelphia-defense.php","philadelphia-defense.php","https://images.fantasypros.com/images/players/nfl/8230/headshot/210x210.png","https://images.fantasypros.com/images/players/nfl/8230/headshot/210x210.png","7",57.2,20.4,94,"vs. SF","SF",NA,NA,NA,NA,"DST1","A+"
"dst","DST",2023-01-29,"8270","San Francisco 49ers","DST","SF",2,1.88,0.78,1,3,"f0e724b0-4cbf-495a-be47-013907608da9","100025","1925","DST","SF DST","DST","DST","https://www.fantasypros.com/nfl/players/san-francisco-defense.php","san-francisco-defense.php","https://images.fantasypros.com/images/players/nfl/8270/headshot/210x210.png","https://images.fantasypros.com/images/players/nfl/8270/headshot/210x210.png","9",96,93,99,"at PHI","PHI",NA,NA,NA,NA,"DST2","A"
"dst","DST",2023-01-29,"8060","Cincinnati Bengals","DST","CIN",3,2.75,0.43,2,3,"ad4ae08f-d808-42d5-a1e6-e9bc4e34d123","100004","1907","DST","CIN DST","DST","DST","https://www.fantasypros.com/nfl/players/cincinnati-defense.php","cincinnati-defense.php","https://images.fantasypros.com/images/players/nfl/8060/headshot/210x210.png","https://images.fantasypros.com/images/players/nfl/8060/headshot/210x210.png","10",33.1,34.1,32,"at KC","KC",NA,NA,NA,NA,"DST3","A"
"dst","DST",2023-01-29,"8150","Kansas City Chiefs","DST","KC",4,4,0,4,4,"6680d28d-d4d2-49f6-aace-5292d3ec02c2","100012","1914","DST","KC DST","DST","DST","https://www.fantasypros.com/nfl/players/kansas-city-defense.php","kansas-city-defense.php","https://images.fantasypros.com/images/players/nfl/8150/headshot/210x210.png","https://images.fantasypros.com/images/players/nfl/8150/headshot/210x210.png","8",46.4,2.8,90,"vs. CIN","CIN",NA,NA,NA,NA,"DST4","A-"
"dl","DL",2023-01-29,"18199","Nick Bosa","DL","SF",1,1,0,1,1,"987c5e68-21d5-4bcb-a5f3-2e09cc512374","31834","2260972","DE","N. Bosa","DE","DE","https://www.fantasypros.com/nfl/players/nick-bosa.php","nick-bosa.php","https://images.fantasypros.com/images/players/nfl/18199/headshot/210x210.png","https://images.fantasypros.com/images/players/nfl/18199/headshot/210x210.png","9",53.7,56.3,51,"at PHI","PHI",NA,NA,NA,NA,"DE1",NA
"dl","DL",2023-01-29,"16400","Haason Reddick","DL","PHI",2,2,0,2,2,"ee399a97-6868-4db1-9381-09073914c2d6","30126","2001828","DE","H. Reddick","DE,LB","LB","https://www.fantasypros.com/nfl/players/haason-reddick.php","haason-reddick.php","https://images.fantasypros.com/images/players/nfl/16400/headshot/210x210.png","https://images.fantasypros.com/images/players/nfl/16400/headshot/210x210.png","7",18.7,32.4,5,"vs. SF","SF",NA,NA,NA,NA,"DE2",NA
"dl","DL",2023-01-29,"15620","Chris Jones","DL","KC",3,3,0,3,3,"ef7b5ce8-a929-46be-b9f3-328752c6d125","29271","2082752","DT","C. Jones","DT","DT","https://www.fantasypros.com/nfl/players/chris-jones-dl.php","chris-jones-dl.php","https://images.fantasypros.com/images/players/nfl/15620/headshot/210x210.png","https://images.fantasypros.com/images/players/nfl/15620/headshot/210x210.png","8",18.2,16.4,20,"vs. CIN","CIN",NA,NA,NA,NA,"DT1",NA
"dl","DL",2023-01-29,"17402","BJ Hill","DL","CIN",4,4,0,4,4,"5c24d0c5-076c-4db5-9bd0-e67f7c42ad50","31039","2146581","DT","BJ Hill","DT","DT","https://www.fantasypros.com/nfl/players/bj-hill.php","bj-hill.php","https://images.fantasypros.com/images/players/nfl/17402/headshot/210x210.png","https://images.fantasypros.com/images/players/nfl/17402/headshot/210x210.png","10",8.9,10.8,7,"at KC","KC",NA,NA,NA,NA,"DT2",NA
"dl","DL",2023-01-29,"10821","Brandon Graham","DL","PHI",5,5,0,5,5,"b3e41b52-a8aa-4be8-8513-8ede6f3f83d3","23988","1116725","DE","B. Graham","DE","DE","https://www.fantasypros.com/nfl/players/brandon-graham.php","brandon-graham.php","https://images.fantasypros.com/images/players/nfl/10821/headshot/210x210.png","https://images.fantasypros.com/images/players/nfl/10821/headshot/210x210.png","7",1.9,1.8,2,"vs. SF","SF",NA,NA,NA,NA,"DE3",NA
"dl","DL",2023-01-29,"17363","Josh Sweat","DL","PHI",6,6,0,6,6,"66a67b5d-500d-46e8-90c6-e2f127d38190","31101","2179277","DE","J. Sweat","DE","DE","https://www.fantasypros.com/nfl/players/josh-sweat.php","josh-sweat.php","https://images.fantasypros.com/images/players/nfl/17363/headshot/210x210.png","https://images.fantasypros.com/images/players/nfl/17363/headshot/210x210.png","7",10,5.9,14,"vs. SF","SF",NA,NA,NA,NA,"DE4",NA
"dl","DL",2023-01-29,"16719","Trey Hendrickson","DL","CIN",7,7,0,7,7,"41d217b9-ec7b-4d72-8a0a-5f0e3a16b693","30216","2818165","DE","T. Hendrickson","DE","DE","https://www.fantasypros.com/nfl/players/trey-hendrickson.php","trey-hendrickson.php","https://images.fantasypros.com/images/players/nfl/16719/headshot/210x210.png","https://images.fantasypros.com/images/players/nfl/16719/headshot/210x210.png","10",7.6,8.2,7,"at KC","KC",NA,NA,NA,NA,"DE5",NA
"dl","DL",2023-01-29,"15628","Javon Hargrave","DL","PHI",8,8,0,8,8,"3f8e4972-2361-4939-b5e3-c5f6c63b9f68","29323","2007634","DT","J. Hargrave","DT","DT","https://www.fantasypros.com/nfl/players/javon-hargrave.php","javon-hargrave.php","https://images.fantasypros.com/images/players/nfl/15628/headshot/210x210.png","https://images.fantasypros.com/images/players/nfl/15628/headshot/210x210.png","7",17.1,13.2,21,"vs. SF","SF",NA,NA,NA,NA,"DT3",NA
"dl","DL",2023-01-29,"13918","Arik Armstead","DL","SF",9,9,0,9,9,"acb7169f-3ffa-4386-9866-e06af6ed7fef","28405","1996151","DE","A. Armstead","DT","DT","https://www.fantasypros.com/nfl/players/arik-armstead.php","arik-armstead.php","https://images.fantasypros.com/images/players/nfl/13918/headshot/210x210.png","https://images.fantasypros.com/images/players/nfl/13918/headshot/210x210.png","9",3.7,3.7,0,"at PHI","PHI",NA,NA,NA,NA,"DE6",NA
"dl","DL",2023-01-29,"17313","Sam Hubbard","DL","CIN",10,10,0,10,10,"17d1f9ee-f65e-4c4d-bf73-a69b2fa17877","31047","2139274","DE","S. Hubbard","DE","DE","https://www.fantasypros.com/nfl/players/sam-hubbard.php","sam-hubbard.php","https://images.fantasypros.com/images/players/nfl/17313/headshot/210x210.png","https://images.fantasypros.com/images/players/nfl/17313/headshot/210x210.png","10",21.5,29,14,"at KC","KC",NA,NA,NA,NA,"DE7",NA
"dl","DL",2023-01-29,"15758","DJ Reader","DL","CIN",11,11,0,11,11,"42bb4895-bdfb-40e2-8119-f5b06611bf1b","29400","1983526","DT","D.J. Reader","DT","DT","https://www.fantasypros.com/nfl/players/dj-reader.php","dj-reader.php","https://images.fantasypros.com/images/players/nfl/15758/headshot/210x210.png","https://images.fantasypros.com/images/players/nfl/15758/headshot/210x210.png","10",0.9,0.9,0,"at KC","KC",NA,NA,NA,NA,"DT4",NA
"dl","DL",2023-01-29,"22810","Cameron Sample","DL","CIN",12,12,0,12,12,"2f1b4df5-a65b-4b13-8a86-81c03259e822","33499","2864875","DE","C. Sample","DE","DE","https://www.fantasypros.com/nfl/players/cameron-sample.php","cameron-sample.php","https://images.fantasypros.com/images/players/nfl/22810/headshot/210x210.png","https://images.fantasypros.com/images/players/nfl/22810/headshot/210x210.png","10",2.1,0.1,4,"at KC","KC",NA,NA,NA,NA,"DE8",NA
"dl","DL",2023-01-29,"22696","Joseph Ossai","DL","CIN",13,13,0,13,13,"f46bc3a8-dbcc-4d96-8d6e-50034429de29","33457","2962062","DE","J. Ossai","DE","DE","https://www.fantasypros.com/nfl/players/joseph-ossai.php","joseph-ossai.php","https://images.fantasypros.com/images/players/nfl/22696/headshot/210x210.png","https://images.fantasypros.com/images/players/nfl/22696/headshot/210x210.png","10",0.1,0.1,0,"at KC","KC",NA,NA,NA,NA,"DE9",NA
"dl","DL",2023-01-29,"23501","George Karlaftis","DL","KC",14,14,0,14,14,"afb1f463-400e-4bdb-9028-717a563ba6f4","33985","3122891","DE","G. Karlaftis III","DE","DE","https://www.fantasypros.com/nfl/players/george-karlaftis-iii.php","george-karlaftis-iii.php","https://images.fantasypros.com/images/players/nfl/23501/headshot/210x210.png","https://images.fantasypros.com/images/players/nfl/23501/headshot/210x210.png","8",1.4,1.7,1,"vs. CIN","CIN",NA,NA,NA,NA,"DE10",NA
"lb","LB",2023-01-29,"17526","Fred Warner","LB","SF",1,1,0,1,1,"75a74283-5ab6-49d4-bf2f-e6fcaf91ec36","31040","2142098","LB","F. Warner","LB","LB","https://www.fantasypros.com/nfl/players/fred-warner.php","fred-warner.php","https://images.fantasypros.com/images/players/nfl/17526/headshot/210x210.png","https://images.fantasypros.com/images/players/nfl/17526/headshot/210x210.png","9",57.2,64.4,50,"at PHI","PHI",NA,NA,NA,NA,"LB1",NA
"lb","LB",2023-01-29,"18281","TJ Edwards","LB","PHI",2,2,0,2,2,"a7b4b50a-9431-4551-89e1-6b8cb80536d7","32403","2139322","LB","T.J. Edwards","LB","LB","https://www.fantasypros.com/nfl/players/tj-edwards.php","tj-edwards.php","https://images.fantasypros.com/images/players/nfl/18281/headshot/210x210.png","https://images.fantasypros.com/images/players/nfl/18281/headshot/210x210.png","7",66.1,79.1,53,"vs. SF","SF",NA,NA,NA,NA,"LB2",NA
"lb","LB",2023-01-29,"22689","Nick Bolton","LB","KC",4,4,0,4,4,"83ad043c-d1e6-45b3-9e06-3f148538db46","33446","2965817","LB","N. Bolton","LB","LB","https://www.fantasypros.com/nfl/players/nick-bolton.php","nick-bolton.php","https://images.fantasypros.com/images/players/nfl/22689/headshot/210x210.png","https://images.fantasypros.com/images/players/nfl/22689/headshot/210x210.png","8",72.1,68.2,76,"vs. CIN","CIN",NA,NA,NA,NA,"LB3",NA
"lb","LB",2023-01-29,"19494","Logan Wilson","LB","CIN",5,5,0,5,5,"05cb1d47-3517-4410-a61b-75adabbfb910","32735","2181091","LB","L. Wilson","LB","LB","https://www.fantasypros.com/nfl/players/logan-wilson.php","logan-wilson.php","https://images.fantasypros.com/images/players/nfl/19494/headshot/210x210.png","https://images.fantasypros.com/images/players/nfl/19494/headshot/210x210.png","10",39.2,28.4,50,"at KC","KC",NA,NA,NA,NA,"LB4",NA
"lb","LB",2023-01-29,"18310","Dre Greenlaw","LB","SF",6,6,0,6,6,"e6eb9d50-9231-44ff-89eb-7f7b996e042f","31980","2185496","LB","D. Greenlaw","LB","LB","https://www.fantasypros.com/nfl/players/dre-greenlaw.php","dre-greenlaw.php","https://images.fantasypros.com/images/players/nfl/18310/headshot/210x210.png","https://images.fantasypros.com/images/players/nfl/18310/headshot/210x210.png","9",61.3,66.6,56,"at PHI","PHI",NA,NA,NA,NA,"LB5",NA
"lb","LB",2023-01-29,"19480","Willie Gay","LB","KC",7,7,0,7,7,"9b2d5497-738b-47bc-bd96-2c550b4649ee","32733","2876552","LB","W. Gay Jr.","LB","LB","https://www.fantasypros.com/nfl/players/willie-gay.php","willie-gay.php","https://images.fantasypros.com/images/players/nfl/19480/headshot/210x210.png","https://images.fantasypros.com/images/players/nfl/19480/headshot/210x210.png","8",14.9,6.7,23,"vs. CIN","CIN",NA,NA,NA,NA,"LB6",NA
"lb","LB",2023-01-29,"17360","Kyzir White","LB","PHI",8,8,0,8,8,"c6303f3b-9c18-4afe-b0bf-d8270ca9db21","31089","2243367","LB","K. White","LB","LB","https://www.fantasypros.com/nfl/players/kyzir-white.php","kyzir-white.php","https://images.fantasypros.com/images/players/nfl/17360/headshot/210x210.png","https://images.fantasypros.com/images/players/nfl/17360/headshot/210x210.png","7",11.4,11.8,11,"vs. SF","SF",NA,NA,NA,NA,"LB7",NA
"lb","LB",2023-01-29,"18291","Germaine Pratt","LB","CIN",9,9,0,9,9,"ac012bab-43f3-4e8c-9cf4-0fb20ffa55a2","31904","2130964","LB","G. Pratt","LB","LB","https://www.fantasypros.com/nfl/players/germaine-pratt.php","germaine-pratt.php","https://images.fantasypros.com/images/players/nfl/18291/headshot/210x210.png","https://images.fantasypros.com/images/players/nfl/18291/headshot/210x210.png","10",12.4,18.7,6,"at KC","KC",NA,NA,NA,NA,"LB8",NA
"lb","LB",2023-01-29,"18361","Azeez Al-Shaair","LB","SF",10,10,0,10,10,"e9348fc5-273d-4ac3-9760-462f37c025dc","32318","2183512","LB","A. Al-Shaair","LB","LB","https://www.fantasypros.com/nfl/players/azeez-al-shaair.php","azeez-al-shaair.php","https://images.fantasypros.com/images/players/nfl/18361/headshot/210x210.png","https://images.fantasypros.com/images/players/nfl/18361/headshot/210x210.png","9",0.5,0.5,0,"at PHI","PHI",NA,NA,NA,NA,"LB9",NA
"lb","LB",2023-01-29,"23808","Leo Chenal","LB","KC",11,11,0,11,11,"c7929fb3-5437-42cc-a3c2-10b73ebb1fa0","34059","3121725","LB","L. Chenal","LB","LB","https://www.fantasypros.com/nfl/players/leo-chenal.php","leo-chenal.php","https://images.fantasypros.com/images/players/nfl/23808/headshot/210x210.png","https://images.fantasypros.com/images/players/nfl/23808/headshot/210x210.png","8",0.5,0.5,0,"vs. CIN","CIN",NA,NA,NA,NA,"LB10",NA
"lb","LB",2023-01-29,"19261","Akeem Davis-Gaither","LB","CIN",12,12,0,12,12,"d152b2d5-402d-47f4-a6d1-7870e5a32df5","32777","2182263","LB","A. Davis-Gaither","LB","LB","https://www.fantasypros.com/nfl/players/akeem-davis-gaither.php","akeem-davis-gaither.php","https://images.fantasypros.com/images/players/nfl/19261/headshot/210x210.png","https://images.fantasypros.com/images/players/nfl/19261/headshot/210x210.png","10",0.5,0.5,0,"at KC","KC",NA,NA,NA,NA,"LB11",NA
"db","DB",2023-01-29,"18649","CJ Gardner-Johnson","DB","PHI",1,1,0,1,1,"5fb6e9f1-2efa-44c9-876f-4d635484be88","31937","2221830","CB","C.J. Gardner-Johnson","S","S","https://www.fantasypros.com/nfl/players/chauncey-gardner-johnson.php","chauncey-gardner-johnson.php","https://images.fantasypros.com/images/players/nfl/18649/headshot/210x210.png","https://images.fantasypros.com/images/players/nfl/18649/headshot/210x210.png","7",8.2,8.3,8,"vs. SF","SF",NA,NA,NA,NA,"CB1",NA
"db","DB",2023-01-29,"22817","Talanoa Hufanga","DB","SF",2,2,0,2,2,"a1a2f797-77ac-4f13-8456-50a10a7fd61a","33568","2961530","S","T. Hufanga","S","S","https://www.fantasypros.com/nfl/players/talanoa-hufanga.php","talanoa-hufanga.php","https://images.fantasypros.com/images/players/nfl/22817/headshot/210x210.png","https://images.fantasypros.com/images/players/nfl/22817/headshot/210x210.png","9",34.4,32.8,36,"at PHI","PHI",NA,NA,NA,NA,"S1",NA
"db","DB",2023-01-29,"19282","Deommodore Lenoir","DB","SF",3,3,0,3,3,"d24bbe70-baba-4337-822e-c166a156f92e","33560","2867301","CB","D. Lenoir","CB","CB","https://www.fantasypros.com/nfl/players/deommodore-lenoir.php","deommodore-lenoir.php","https://images.fantasypros.com/images/players/nfl/19282/headshot/210x210.png","https://images.fantasypros.com/images/players/nfl/19282/headshot/210x210.png","9",1.8,1.6,2,"at PHI","PHI",NA,NA,NA,NA,"CB2",NA
"db","DB",2023-01-29,"19671","LJarius Sneed","DB","KC",4,4,0,4,4,"92b059b3-6b1b-4db4-a535-ceba629176d1","32808","2239881","CB","L. Sneed","CB,S","S,CB","https://www.fantasypros.com/nfl/players/ljarius-sneed.php","ljarius-sneed.php","https://images.fantasypros.com/images/players/nfl/19671/headshot/210x210.png","https://images.fantasypros.com/images/players/nfl/19671/headshot/210x210.png","8",57.6,52.2,63,"vs. CIN","CIN",NA,NA,NA,NA,"CB3",NA
"db","DB",2023-01-29,"17544","Jessie Bates","DB","CIN",5,5,0,5,5,"89c84a59-18ad-4aeb-8879-d4ba7dd1491e","31024","2186390","S","J. Bates III","S","S","https://www.fantasypros.com/nfl/players/jessie-bates-iii.php","jessie-bates-iii.php","https://images.fantasypros.com/images/players/nfl/17544/headshot/210x210.png","https://images.fantasypros.com/images/players/nfl/17544/headshot/210x210.png","10",6.9,6.8,7,"at KC","KC",NA,NA,NA,NA,"S2",NA
"db","DB",2023-01-29,"17763","Charvarius Ward","DB","SF",6,6,0,6,6,"04f6abef-834f-470e-9c15-8c0cc62fde4e","31293","2926483","CB","C. Ward","CB","CB","https://www.fantasypros.com/nfl/players/charvarius-ward.php","charvarius-ward.php","https://images.fantasypros.com/images/players/nfl/17763/headshot/210x210.png","https://images.fantasypros.com/images/players/nfl/17763/headshot/210x210.png","9",18.9,29.8,8,"at PHI","PHI",NA,NA,NA,NA,"CB4",NA
"db","DB",2023-01-29,"24032","Cam Taylor-Britt","DB","CIN",7,7,0,7,7,"91239ce4-36fc-4d69-9b9d-3ceec94caaa9","34016","2963443","CB","C. Taylor-Britt","CB","CB","https://www.fantasypros.com/nfl/players/cam-taylor-britt.php","cam-taylor-britt.php","https://images.fantasypros.com/images/players/nfl/24032/headshot/210x210.png","https://images.fantasypros.com/images/players/nfl/24032/headshot/210x210.png","10",2.4,3.7,1,"at KC","KC",NA,NA,NA,NA,"CB5",NA
"db","DB",2023-01-29,"15751","Mike Hilton","DB","CIN",8,8,0,8,8,"972f93d7-158b-4464-b119-952f298cea52","29510","2000929","CB","M. Hilton","CB","CB","https://www.fantasypros.com/nfl/players/mike-hilton.php","mike-hilton.php","https://images.fantasypros.com/images/players/nfl/15751/headshot/210x210.png","https://images.fantasypros.com/images/players/nfl/15751/headshot/210x210.png","10",1.2,1.3,1,"at KC","KC",NA,NA,NA,NA,"CB6",NA
"db","DB",2023-01-29,"12216","Jimmie Ward","DB","SF",9,9,0,9,9,"1b8414b5-3db8-4e89-8bcc-7ac7f7d0b931","27558","1762370","CB","J. Ward","CB,S","S","https://www.fantasypros.com/nfl/players/jimmie-ward.php","jimmie-ward.php","https://images.fantasypros.com/images/players/nfl/12216/headshot/210x210.png","https://images.fantasypros.com/images/players/nfl/12216/headshot/210x210.png","9",2.2,3.3,1,"at PHI","PHI",NA,NA,NA,NA,"CB7",NA
"db","DB",2023-01-29,"15544","Vonn Bell","DB","CIN",10,10,0,10,10,"656b68e1-651d-4596-8f6d-c97b4e4d9536","29295","2060762","S","V. Bell","S","S","https://www.fantasypros.com/nfl/players/vonn-bell.php","vonn-bell.php","https://images.fantasypros.com/images/players/nfl/15544/headshot/210x210.png","https://images.fantasypros.com/images/players/nfl/15544/headshot/210x210.png","10",17.3,24.6,10,"at KC","KC",NA,NA,NA,NA,"S3",NA
"db","DB",2023-01-29,"18575","Marcus Epps","DB","PHI",11,11,0,11,11,"4dcf9e8a-fc5c-43a2-9b83-4ca295490a9b","32023","3116592","S","M. Epps","S","S","https://www.fantasypros.com/nfl/players/marcus-epps.php","marcus-epps.php","https://images.fantasypros.com/images/players/nfl/18575/headshot/210x210.png","https://images.fantasypros.com/images/players/nfl/18575/headshot/210x210.png","7",5,8.9,1,"vs. SF","SF",NA,NA,NA,NA,"S4",NA
"db","DB",2023-01-29,"11517","Tashaun Gipson","DB","SF",12,12,0,12,12,"d5efd828-7339-43a7-ad7e-6f936dbbabb2","26372","1975901","S","T. Gipson Sr.","S","S","https://www.fantasypros.com/nfl/players/tashaun-gipson.php","tashaun-gipson.php","https://images.fantasypros.com/images/players/nfl/11517/headshot/210x210.png","https://images.fantasypros.com/images/players/nfl/11517/headshot/210x210.png","9",0.2,0.2,0,"at PHI","PHI",NA,NA,NA,NA,"S5",NA
"db","DB",2023-01-29,"11779","Darius Slay","DB","PHI",13,13,0,13,13,"2c3ef101-5fa9-41d0-a0b1-32a1d27a1f69","26659","1852913","CB","D. Slay","CB","CB","https://www.fantasypros.com/nfl/players/darius-slay.php","darius-slay.php","https://images.fantasypros.com/images/players/nfl/11779/headshot/210x210.png","https://images.fantasypros.com/images/players/nfl/11779/headshot/210x210.png","7",4.3,4.6,4,"vs. SF","SF",NA,NA,NA,NA,"CB8",NA
"db","DB",2023-01-29,"15570","James Bradberry","DB","PHI",14,14,0,14,14,"0db6df51-945b-4123-a790-0ba9d0473415","29296","1886795","CB","J. Bradberry","CB","CB","https://www.fantasypros.com/nfl/players/james-bradberry.php","james-bradberry.php","https://images.fantasypros.com/images/players/nfl/15570/headshot/210x210.png","https://images.fantasypros.com/images/players/nfl/15570/headshot/210x210.png","7",2.6,3.2,2,"vs. SF","SF",NA,NA,NA,NA,"CB9",NA
"db","DB",2023-01-29,"17320","Justin Reid","DB","KC",15,15,0,15,15,"bb9db665-7f9f-425d-9e4b-df78c65c8b97","31038","2186838","S","J. Reid","S","S","https://www.fantasypros.com/nfl/players/justin-reid.php","justin-reid.php","https://images.fantasypros.com/images/players/nfl/17320/headshot/210x210.png","https://images.fantasypros.com/images/players/nfl/17320/headshot/210x210.png","8",2.6,2.1,3,"vs. CIN","CIN",NA,NA,NA,NA,"S6",NA
"db","DB",2023-01-29,"22754","Reed Blankenship","DB","PHI",16,16,0,16,16,"f67efd90-ce17-11ec-bebb-4fec1e38b0e5","34376","2805656","S","R. Blankenship","S","S","https://www.fantasypros.com/nfl/players/reed-blankenship.php","reed-blankenship.php","https://images.fantasypros.com/images/players/nfl/22754/headshot/210x210.png","https://images.fantasypros.com/images/players/nfl/22754/headshot/210x210.png","7",0.7,0.7,0,"vs. SF","SF",NA,NA,NA,NA,"S7",NA
"db","DB",2023-01-29,"23492","Trent McDuffie","DB","KC",17,17,0,17,17,"358bda61-ccb6-443a-a51c-3b14b3cadf22","33976","3121359","CB","T. McDuffie","CB","CB","https://www.fantasypros.com/nfl/players/trent-mcduffie.php","trent-mcduffie.php","https://images.fantasypros.com/images/players/nfl/23492/headshot/210x210.png","https://images.fantasypros.com/images/players/nfl/23492/headshot/210x210.png","8",1,1,0,"vs. CIN","CIN",NA,NA,NA,NA,"CB10",NA
