mergename,pos,team,age,dynoECR,dyno2QBECR,dynoSD,dynpECR,draft_year,1QBValue,2QB Value
Saquon Barkley,RB,NYG,22.5,1.3,2,0.7,1.1,2018,10184,10018
Christian McCaffrey,RB,CAR,23.2,3.4,5,1.2,2.6,2017,9694,9336
DeAndre Hopkins,WR,HOU,27.2,4,5.7,1.7,1.5,2013,9558,9184
Ezekiel Elliott,RB,DAL,24.1,4.6,6.7,2.3,3,2016,9424,8970
Alvin Kamara,RB,NOS,23.1,4.8,7,1.2,3.5,2017,9380,8907
Odell Beckham,WR,CLE,26.8,5.7,8.1,3.1,3,2014,9184,8680
Davante Adams,WR,GBP,26.6,7.6,10.7,1.7,3.7,2014,8783,8166
Michael Thomas,WR,NOS,26.5,8,11.2,1.3,3.8,2016,8700,8070
JuJu Smith-Schuster,WR,PIT,22.7,9.1,12.7,3.2,3.8,2017,8478,7791
Mike Evans,WR,TBB,26,11.8,16.3,2.8,6,2014,7957,7159
Joe Mixon,RB,CIN,23.1,12.4,17.4,3.4,6.3,2017,7846,6976
Melvin Gordon,RB,LAC,26.3,14.6,20.3,3.4,7.3,2015,7450,6516
Nick Chubb,RB,CLE,23.6,15.2,21.1,3.5,7.5,2018,7346,6395
Julio Jones,WR,ATL,30.5,15.5,21.3,2.7,8,2011,7295,6365
David Johnson,RB,ARI,27.7,15.9,22.1,4.1,8,2015,7226,6247
Dalvin Cook,RB,MIN,24,18,24.9,3.7,9.3,2017,6878,5849
Todd Gurley,RB,LAR,25,18.4,25.4,9.1,9.2,2015,6814,5780
Amari Cooper,WR,DAL,25.2,20,27.2,4.8,9.2,2015,6563,5541
Travis Kelce,TE,KCC,29.9,21.3,29.9,4.5,1.2,2013,6365,5200
Antonio Brown,WR,OAK,31.1,22.1,30,3.2,11.1,2010,6247,5188
Keenan Allen,WR,LAC,27.3,22.8,30.9,6.5,10.1,2013,6145,5080
Stefon Diggs,WR,MIN,25.7,22.9,31.1,4.2,11.2,2015,6130,5056
James Conner,RB,PIT,24.3,23.9,32.7,5.3,11.8,2017,5988,4869
Tyreek Hill,WR,KCC,25.5,24.1,32.6,14.8,13.2,2016,5960,4881
LeVeon Bell,RB,NYJ,27.5,24.3,33.2,5.4,11.5,2013,5932,4812
George Kittle,TE,SFO,25.8,26.6,36.9,4.2,1.8,2017,5620,4412
Brandin Cooks,WR,LAR,25.9,30.1,40.5,6.6,14.2,2014,5176,4054
Patrick Mahomes,QB,KCC,23.9,30.5,4.3,8.1,1,2017,5128,9491
Adam Thielen,WR,MIN,29,31,41.6,5.2,14.8,2014,5068,3950
Kenny Golladay,WR,DET,25.8,31.7,42.6,7.6,15.6,2017,4985,3858
Kerryon Johnson,RB,DET,22.1,32.7,44.2,6.1,14.6,2018,4869,3716
TY Hilton,WR,IND,29.8,33.8,45.3,7,16.9,2012,4745,3621
Zach Ertz,TE,PHI,28.8,34.5,47.3,8.6,3.2,2013,4668,3455
Aaron Jones,RB,GBP,24.7,35.1,47.3,9.1,16.7,2017,4602,3455
AJ Green,WR,CIN,31,35.4,47.4,7.4,19.3,2011,4570,3447
DJ Moore,WR,CAR,22.3,38.2,51,10.7,18.4,2018,4279,3167
Leonard Fournette,RB,JAC,24.6,38.5,51.7,9.9,16.1,2017,4249,3116
Josh Jacobs,RB,OAK,21.5,40.5,54.3,8.7,17.1,2019,4054,2931
Robert Woods,WR,LAR,27.3,41.1,54.7,5.8,21,2013,3997,2904
Marlon Mack,RB,IND,23.4,41.4,55.4,6.8,17.3,2017,3969,2856
Calvin Ridley,WR,ATL,24.7,44.1,58.6,9.4,20,2018,3725,2649
Chris Godwin,WR,TBB,23.5,44.4,59,7,20.4,2017,3699,2624
Cooper Kupp,WR,LAR,26.2,45,59.8,5.4,21.3,2017,3647,2576
Andrew Luck,QB,IND,29.9,47.5,9.1,6.3,3.4,2012,3439,8478
Sony Michel,RB,NEP,24.5,48,63.9,8.2,19.4,2018,3399,2339
Baker Mayfield,QB,CLE,24.3,48.8,9.6,7.2,3.3,2018,3335,8379
Deshaun Watson,QB,HOU,23.9,49.6,9.8,7.1,2.9,2017,3273,8340
Mike Williams,WR,LAC,24.9,50.5,66.8,10.9,23.6,2017,3205,2185
Derrick Henry,RB,TEN,25.1,51.2,68,8.5,20.9,2016,3152,2124
Corey Davis,WR,TEN,24.6,51.7,68.4,9.8,24.4,2017,3116,2104
Derrius Guice,RB,WAS,22.1,53.8,71.3,14.5,21.2,2018,2966,1966
Devonta Freeman,RB,ATL,27.4,54.6,72.4,12.2,22.1,2014,2910,1915
Damien Williams,RB,KCC,27.4,54.8,72.6,12.1,22.6,2014,2897,1907
David Montgomery,RB,CHI,22.2,55,72.9,13.9,20.7,2019,2883,1893
NKeal Harry,WR,NEP,21.7,56.3,74.2,15.3,25.8,2019,2796,1836
Allen Robinson,WR,CHI,26,56.7,74.8,11.1,27.2,2014,2770,1810
OJ Howard,TE,TBB,24.7,56.8,75.9,9.8,4.6,2017,2764,1764
Jarvis Landry,WR,CLE,26.7,57.6,75.9,10.3,28.6,2014,2712,1764
2019 Pick 1,PICK,,,57.98,53.5,,,,2688,2987
Tyler Boyd,WR,CIN,24.7,59.3,78.1,9.5,28.6,2016,2606,1675
Evan Engram,TE,NYG,25,60.5,80.6,8.5,5,2017,2534,1580
Phillip Lindsay,RB,DEN,25.1,61.7,81.4,10.9,24.2,2018,2463,1550
2019 Pick 2,PICK,,,62.9,59.22,,,,2395,2611
Miles Sanders,RB,PHI,22.3,65.1,85.7,18.4,24.2,2019,2274,1401
Tyler Lockett,WR,SEA,26.9,65.2,85.6,13.5,30.9,2015,2269,1405
Aaron Rodgers,QB,GBP,35.7,67.6,16.7,11.4,5.8,2005,2144,7092
2020 Early 1st,PICK,,,67.67,64.46,,,,2141,2308
2019 Pick 3,PICK,,,67.96,65.14,,,,2126,2272
Rashaad Penny,RB,SEA,23.5,68,89.4,10.9,25,2018,2124,1285
Christian Kirk,WR,ARI,22.7,68.8,90.2,12.9,30.2,2018,2085,1261
Sammy Watkins,WR,KCC,26.2,69,90.4,14.1,30.6,2014,2075,1255
Tarik Cohen,RB,CHI,24.1,69.6,91.4,10,27.7,2017,2046,1226
Courtland Sutton,WR,DEN,23.8,72.4,94.7,13.5,32.9,2018,1915,1134
Hunter Henry,TE,LAC,24.7,73,96.3,14,5.8,2016,1889,1092
2019 Pick 4,PICK,,,73.12,71.26,,,,1883,1968
Will Fuller,WR,HOU,25.3,74,96.8,8.5,35.3,2016,1845,1080
David Njoku,TE,CLE,23.1,74.3,98,9.3,7.1,2017,1832,1050
Dante Pettis,WR,SFO,23.8,75.2,98.3,8.5,33.9,2018,1794,1042
Tevin Coleman,RB,SFO,26.3,77.1,100.9,10.9,29.7,2015,1715,980
Alshon Jeffery,WR,PHI,29.5,77.7,101.4,9.9,35.9,2012,1691,969
Russell Wilson,QB,SEA,30.7,77.8,21.2,14,7.2,2012,1687,6380
Carson Wentz,QB,PHI,26.6,78,21.3,14,7.2,2016,1679,6365
2019 Pick 5,PICK,,,78.4,77.56,,,,1664,1697
Mark Ingram,RB,BAL,29.7,79.8,104.3,12.9,31.2,2011,1610,905
Kenyan Drake,RB,MIA,25.6,80.2,104.8,12.3,30.6,2016,1595,895
AJ Brown,WR,TEN,,80.5,105,21.8,37.4,2019,1583,890
DK Metcalf,WR,SEA,21.7,81.3,106,14,36,2019,1554,870
Kareem Hunt,RB,CLE,24,81.8,106.8,20.2,31.9,2017,1536,853
Chris Carson,RB,SEA,24.9,81.9,106.9,16.8,31.4,2017,1532,851
2019 Pick 6,PICK,,,83.76,84.02,,,,1467,1458
Jared Goff,QB,LAR,24.8,84.3,24.4,10,7.9,2016,1448,5918
Robby Anderson,WR,NYJ,26.3,84.9,110.5,16.3,38.4,2016,1428,782
2020 Mid 1st,PICK,,,88.73,89.59,,,,1305,1279
2020 1st,PICK,,,89.21,90.39,,,,1290,1255
2019 Pick 7,PICK,,,89.24,90.64,,,,1289,1248
Kyler Murray,QB,ARI,22,90.3,27.4,15.6,9.1,2019,1258,5515
2021 1st,PICK,,,91.39,92.57,,,,1226,1192
Sterling Shepard,WR,NYG,26.5,91.6,119,13.4,41.8,2016,1220,641
Royce Freeman,RB,DEN,23.5,92.4,120.1,11.9,33.7,2018,1197,624
Anthony Miller,WR,CHI,24.8,93.8,121.7,9.7,43.3,2018,1158,601
James White,RB,NEP,27.5,94.5,122.7,11.1,33.6,2014,1140,587
2019 Pick 8,PICK,,,94.79,97.41,,,,1132,1064
TJ Hockenson,TE,DET,22.1,94.9,123.6,25.7,8.6,2019,1129,575
Marvin Jones,WR,DET,29.4,99.3,128.7,12.4,42.5,2012,1018,510
Parris Campbell,WR,IND,22.1,99.4,128.8,24.4,41,2019,1016,509
Curtis Samuel,WR,CAR,23,100.3,129.9,17.1,47.2,2017,994,496
Marquise Brown,WR,BAL,22.2,100.3,129.9,24.2,44.9,2019,994,496
2019 Pick 9,PICK,,,100.42,104.3,,,,992,905
Eric Ebron,TE,IND,26.3,101.6,131.9,16.8,10.1,2014,964,473
Cam Newton,QB,CAR,30.3,102.1,33.9,14.9,10.1,2011,953,4734
Darrell Henderson,RB,LAR,22,103.7,134.2,38.6,35.1,2019,918,448
Julian Edelman,WR,NEP,33.2,103.8,134.3,27.1,47.5,2009,916,447
Michael Gallup,WR,DAL,23.4,104.7,135.4,14.8,50.1,2018,897,436
Lamar Miller,RB,HOU,28.3,105,135.8,9.2,37.6,2012,890,432
Keke Coutee,WR,HOU,22.6,105.1,135.9,13.6,48.3,2018,888,431
2019 Pick 10,PICK,,,106.12,111.32,,,,867,767
Deebo Samuel,WR,SFO,23.6,107.2,138.6,26.8,46.8,2019,846,404
James Washington,WR,PIT,23.4,108.7,140.4,22.5,47.2,2018,816,388
Matt Ryan,QB,ATL,34.3,108.9,37.8,17.4,11.9,2008,812,4319
Noah Fant,TE,DEN,21.7,109.6,141.7,23,10.4,2019,799,376
Dede Westbrook,WR,JAC,25.7,110.3,142.4,20.8,47.2,2017,786,370
2020 Late 1st,PICK,,,111.21,117.11,,,,769,670
Dak Prescott,QB,DAL,26,111.4,39.3,16.7,11.7,2016,766,4170
2019 Pick 11,PICK,,,111.88,118.44,,,,757,649
Jameis Winston,QB,TBB,25.6,112.5,40,19.2,13.2,2015,746,4102
Dallas Goedert,TE,PHI,25.6,113,145.9,17.2,11.1,2018,738,341
Damien Harris,RB,NEP,22.5,113.7,146.6,27.3,38.6,2019,726,335
Mitchell Trubisky,QB,CHI,25,114.6,41.3,13.1,15.4,2017,711,3978
Jordan Howard,RB,PHI,24.8,115.3,148.6,17.3,40.1,2016,699,320
Lamar Jackson,QB,BAL,22.6,115.9,42.1,14.5,15.6,2018,689,3904
Ronald Jones,RB,TBB,22,116.8,150.4,15,41.9,2018,675,306
2019 Pick 12,PICK,,,117.7,125.66,,,,661,548
Jerick McKinnon,RB,SFO,27.3,120.6,155.1,24.5,43.2,2014,617,274
Golden Tate,WR,NYG,31,121.3,156.2,14.3,52.5,2010,607,267
Kirk Cousins,QB,MIN,31,122.1,46,12.1,15.7,2012,596,3562
Andy Isabella,WR,ARI,,123.5,158.9,33.5,53.5,2019,576,251
2019 Pick 13,PICK,,,123.56,132.95,,,,576,462
JJ Arcega-Whiteside,WR,PHI,,124.9,160.7,41.3,52.3,2019,558,240
Mecole Hardman,WR,KCC,21.4,124.9,160.7,28.8,54.6,2019,558,240
Jimmy Garoppolo,QB,SFO,27.8,125.3,48.1,16.9,15.8,2014,553,3391
TreQuan Smith,WR,NOS,23.6,127,163.3,25,56.1,2018,531,226
Nyheim Hines,RB,IND,22.8,127.7,163.9,9.6,46,2018,522,223
Latavius Murray,RB,NOS,29.6,128,164.3,21.6,43.1,2013,519,221
Matt Breida,RB,SFO,24.5,128.4,164.8,18.2,44.2,2017,514,218
Austin Ekeler,RB,LAC,24.2,128.5,164.9,11,43.4,2017,513,218
2019 Pick 14,PICK,,,129.46,140.32,,,,501,388
Trey Burton,TE,CHI,27.8,129.6,166.2,20.3,14.3,2014,499,211
Marquez Valdes-Scantling,WR,GBP,24.8,130.1,167.1,19.5,55.5,2018,494,207
Sam Darnold,QB,NYJ,22.2,130.3,51.4,14.5,17.6,2018,491,3138
Justice Hill,RB,BAL,21.7,130.9,167.9,34.3,43.3,2019,484,203
Devin Singletary,RB,BUF,21.9,131.3,168.4,39.2,44.6,2019,480,201
Austin Hooper,TE,ATL,24.8,132.5,169.7,15.1,13.3,2016,467,195
Duke Johnson,RB,HOU,25.9,133.9,171.6,17.3,47,2015,451,186
2020 Early 2nd,PICK,,,134.62,146.24,,,,444,338
2019 Pick 15,PICK,,,135.39,147.74,,,,436,326
Chris Herndon,TE,NYJ,23.5,140.6,179.5,21.8,14.2,2018,386,155
2019 Pick 16,PICK,,,141.34,155.2,,,,379,274
DaeSean Hamilton,WR,DEN,24.4,141.4,181.2,14.8,56.8,2018,379,149
John Brown,WR,BUF,29.4,143.1,183.3,23.6,61.9,2014,364,141
Drew Brees,QB,NOS,40.6,143.4,60.6,19.7,19.8,2001,361,2528
Vance McDonald,TE,PIT,29.2,144.2,183.9,31.6,16.5,2013,354,139
Ito Smith,RB,ATL,23.9,144.3,184.4,21.4,49.5,2018,354,138
Josh Allen,QB,BUF,23.2,145.1,61.8,18.9,19.9,2018,347,2457
Tyrell Williams,WR,OAK,27.5,146.6,187.7,24.6,64.6,2015,335,128
Hakeem Butler,WR,ARI,23.2,146.7,187.8,40.9,62.5,2019,334,127
2019 Pick 17,PICK,,,147.31,162.7,,,,329,229
Jaylen Samuels,RB,PIT,23.1,148.6,189.7,23.9,49.1,2018,320,122
Matthew Stafford,QB,DET,31.5,149.6,65.2,19.3,20.3,2009,312,2269
Geronimo Allison,WR,GBP,25.6,150.9,193,34.8,62.9,2016,303,113
Dion Lewis,RB,TEN,28.9,152.3,194.2,20.6,51.6,2011,293,109
Mark Andrews,TE,BAL,22.9,152.9,194.4,29.6,16.4,2018,289,109
2019 Pick 18,PICK,,,153.28,170.22,,,,286,192
DOnta Foreman,RB,IND,23.3,153.8,196.1,38.5,52.6,2017,283,105
Philip Rivers,QB,LAC,37.7,154,68.5,17.1,22.6,2004,281,2099
Devin Funchess,WR,IND,25.2,154.5,197.4,26.5,60.5,2015,278,102
Ben Roethlisberger,QB,PIT,37.5,155,69.2,28.8,21.8,2004,275,2065
Jared Cook,TE,NOS,32.4,155.6,197.7,24.1,16.9,2009,271,101
DeVante Parker,WR,MIA,26.6,157.1,200.7,13.2,65.2,2015,262,94
2020 2nd,PICK,,,158.43,176.17,,,,254,167
2020 Mid 2nd,PICK,,,158.45,176.17,,,,254,167
2019 Pick 19,PICK,,,159.26,177.75,,,,249,161
Kenny Stills,WR,MIA,27.3,160.4,204.7,18.3,70.9,2013,242,86
2021 2nd,PICK,,,160.61,178.35,,,,241,159
Robert Foster,WR,BUF,25.3,160.8,205.2,25.9,67.7,2018,240,85
Antonio Callaway,WR,CLE,22.6,163.7,208.8,21.1,66.4,2018,224,78
Mike Gesicki,TE,MIA,23.9,163.8,207.6,30.7,19.2,2018,224,80
Carlos Hyde,RB,KCC,28.9,164.4,209.1,17.6,56.4,2014,220,77
2019 Pick 20,PICK,,,165.22,185.26,,,,216,135
Donte Moncrief,WR,PIT,26,165.6,211.2,23.1,64.7,2014,214,73
Emmanuel Sanders,WR,DEN,32.4,165.9,211.5,34.5,65,2010,213,73
Larry Fitzgerald,WR,ARI,36,166.7,212.5,22.8,71.4,2004,209,71
Marquise Goodwin,WR,SFO,28.7,167.9,214,21.4,72.2,2013,203,69
Tom Brady,QB,NEP,42,169.8,81,27.2,24.1,2000,194,1565
Kalen Ballage,RB,MIA,23.6,170.9,217,23.6,54.9,2018,189,64
LeSean McCoy,RB,BUF,31.1,171,217.1,21.6,56.1,2009,189,64
2019 Pick 21,PICK,,,171.17,192.77,,,,188,113
Jamison Crowder,WR,NYJ,26.2,171.6,218.6,25.2,69.9,2015,186,62
TJ Yeldon,RB,BUF,25.9,171.7,218,32.2,58.5,2015,186,63
2019 Pick 22,PICK,,,177.1,200.24,,,,164,95
Quincy Enunwa,WR,NYJ,27.2,177.2,225.5,30.3,75,2014,163,52
DeSean Jackson,WR,PHI,32.7,178.2,226.7,30.9,78.8,2008,159,51
Jack Doyle,TE,IND,29.3,178.5,225.2,27.1,21.3,2013,158,53
Zay Jones,WR,BUF,24.4,180.2,229.2,26.8,78.1,2017,152,48
Mike Davis,RB,CHI,26.5,182.2,230.8,24.7,64.9,2015,145,46
2020 Late 2nd,PICK,,,182.21,206.11,,,,145,83
Kyle Rudolph,TE,MIN,29.8,182.4,229.9,29.2,18.6,2011,144,47
2019 Pick 23,PICK,,,182.99,207.67,,,,142,80
Derek Carr,QB,OAK,28.4,183,92,28.5,26.4,2014,142,1208
Rob Gronkowski,TE,FA,30.3,184.3,232.1,69.9,39,2010,138,45
Irv Smith,TE,MIN,21,184.3,232.1,43.3,21.4,2019,138,45
John Ross,WR,CIN,23.7,184.4,234.4,25.3,76,2017,138,43
Alexander Mattison,RB,MIN,,184.9,234.1,39.1,58.6,2019,136,43
Jamaal Williams,RB,GBP,24.4,185.6,234.9,30.2,62.9,2017,134,42
Albert Wilson,WR,MIA,27.1,186.4,236.8,26.6,83,2014,131,40
Chris Thompson,RB,WAS,28.8,186.7,236.3,30.6,61.1,2013,131,41
Diontae Johnson,WR,PIT,,187.2,237.8,46.3,79,2019,129,39
DJ Chark,WR,JAC,22.9,188.7,239.7,28.2,85.7,2018,125,38
2019 Pick 24,PICK,,,188.84,215.04,,,,124,67
Miles Boykin,WR,BAL,22.8,189.4,240.5,47.7,78.1,2019,123,37
Dwayne Haskins,QB,WAS,22.3,189.5,97.7,31.9,26.2,2019,122,1057
Nelson Agholor,WR,PHI,26.2,189.6,240.8,21.8,80,2015,122,37
Jordan Reed,TE,WAS,29.1,189.9,238.8,24.9,22.4,2013,121,38
Marcus Mariota,QB,TEN,25.8,190.4,98.5,17.3,26.1,2015,120,1037
Adam Humphries,WR,TEN,26.1,191.1,242.6,31.4,81.8,2015,118,35
Terry McLaurin,WR,WAS,23.3,191.6,243.2,53.9,78.6,2019,116,35
Ian Thomas,TE,CAR,23.2,191.9,241.2,41.1,21.5,2018,116,36
Giovani Bernard,RB,CIN,27.7,192.2,243,30.1,60.5,2013,115,35
Peyton Barber,RB,TBB,25.1,192.7,243.6,27.4,64.2,2016,113,34
Chase Edmonds,RB,ARI,23.3,193.9,245.1,31,66.1,2018,110,33
2019 Pick 25,PICK,,,194.65,222.35,,,,108,56
Jalen Hurd,WR,SFO,23.6,195.9,248.5,50.3,85.3,2019,105,31
Elijah McGuire,RB,NYJ,25.2,196,247.6,41.2,68.3,2017,105,31
Marqise Lee,WR,JAC,27.7,196.4,249.1,29.3,80.6,2014,104,30
Josh Reynolds,WR,LAR,24.5,196.9,249.7,26.4,82.9,2017,103,30
Benny Snell,RB,PIT,21.5,197.4,249.3,44.9,63.6,2019,102,30
2019 Pick 26,PICK,,,200.4,229.57,,,,95,48
Josh Rosen,QB,MIA,22.5,200.9,108,32.1,28.1,2018,94,830
CJ Anderson,RB,DET,28.5,201.1,253.8,21,69.8,2013,93,27
Jace Sternberger,TE,GBP,,201.9,253.2,53.6,24.8,2019,91,27
David Moore,WR,SEA,24.6,203.9,258.3,20.6,84.9,2017,87,24
Adrian Peterson,RB,WAS,34.4,205.2,258.8,24.5,67.6,2007,85,24
2020 Early 3rd,PICK,,,205.39,235.27,,,,84,42
2019 Pick 27,PICK,,,206.08,236.71,,,,83,40
Trey Quinn,WR,WAS,23.7,206.5,261.5,27.9,86.2,2018,82,23
Andy Dalton,QB,CIN,31.8,208.1,114.7,30.2,28.6,2011,79,709
Jalen Richard,RB,OAK,25.8,208.9,263.3,38.1,66.8,2016,77,22
Equanimeous St Brown,WR,GBP,22.9,209.5,265.2,27.5,90.3,2018,76,21
Jimmy Graham,TE,GBP,32.7,211.4,264.5,24.8,26.2,2010,73,21
2019 Pick 28,PICK,,,211.7,243.74,,,,73,34
Josh Doctson,WR,WAS,26.7,212.9,269.4,37.8,87.6,2016,71,19
Mohamed Sanu,WR,ATL,30,213.2,269.7,28.6,90.4,2012,70,19
Delanie Walker,TE,TEN,35,213.7,267.2,25.1,29.2,2006,69,20
Rex Burkhead,RB,NEP,29.1,214,269.5,20.5,72,2013,69,19
Bryce Love,RB,WAS,22.1,216.1,272,43,70.9,2019,65,18
Gus Edwards,RB,BAL,24.3,216.6,272.6,41.7,76.1,2018,65,17
2019 Pick 29,PICK,,,217.23,250.65,,,,64,29
Justin Jackson,RB,LAC,24.3,218.1,274.4,37.5,70.6,2018,62,17
Josh Adams,RB,PHI,22.8,219.3,275.9,49.2,79.1,2018,61,16
Ryquell Armstead,RB,JAC,,220.6,277.5,37.3,66.6,2019,59,15
Hayden Hurst,TE,BAL,26,220.7,275.5,49.4,27.6,2018,59,16
Taylor Gabriel,WR,CHI,28.5,220.9,279.2,21.7,92.5,2014,58,15
Josh Gordon,WR,NEP,28.3,221.3,279.7,48.6,83.9,2012,58,15
2019 Pick 30,PICK,,,222.68,257.44,,,,56,25
Randall Cobb,WR,DAL,29,224.2,283.2,37.1,87.4,2011,54,14
Gerald Everett,TE,LAR,25.1,224.2,279.6,23.9,30,2017,54,15
Darwin Thompson,RB,KCC,,225.3,283.1,67.1,71.3,2019,53,14
Kelvin Harmon,WR,WAS,22.7,226.1,285.5,51.5,90.1,2019,52,13
Kenneth Dixon,RB,BAL,25.6,226.4,284.5,40.4,76.9,2016,51,13
2020 3rd,PICK,,,226.96,262.07,,,,51,22
2020 Mid 3rd,PICK,,,227.49,262.86,,,,50,22
2019 Pick 31,PICK,,,228.03,264.08,,,,49,21
Jonnu Smith,TE,TEN,24,229,285.3,55.3,32.1,2017,48,13
Greg Olsen,TE,CAR,34.4,229.1,285.4,43.6,29.2,2007,48,13
2021 3rd,PICK,,,229.14,264.26,,,,48,21
Nick Foles,QB,JAC,30.6,231.4,137.6,25.3,29.9,2012,46,414
2019 Pick 32,PICK,,,233.28,270.56,,,,44,18
Taywan Taylor,WR,TEN,24.5,235.5,297,35.2,96.1,2017,41,10
Doug Baldwin,WR,FA,30.9,237,298.9,48.7,100.9,2011,40,9
Jordan Wilkins,RB,IND,25.1,237.1,297.4,31.9,78.3,2018,40,10
2019 Pick 33,PICK,,,238.42,276.88,,,,39,16
Marshawn Lynch,RB,FA,33.3,239.4,300.2,23.2,,2007,38,9
Daniel Jones,QB,NYG,22.2,239.8,146.3,44.2,31.4,2019,37,337
Jakobi Meyers,WR,NEP,22.8,240.3,302.9,50,107,2019,37,9
Demaryius Thomas,WR,NEP,31.6,240.4,303,38.6,101.6,2010,37,8
Riley Ridley,WR,CHI,23.1,241.9,304.9,55.5,101.9,2019,36,8
Jay Ajayi,RB,FA,26.2,242.7,304.2,43,82.9,2015,35,8
2019 Pick 34,PICK,,,243.44,283.02,,,,34,14
Paul Richardson,WR,WAS,27.3,243.7,307,15.5,98.2,2014,34,8
Tony Pollard,RB,DAL,,245.4,307.4,61.8,75.9,2019,33,8
Keelan Cole,WR,JAC,26.3,247,311.1,31.3,95.2,2017,32,7
Demarcus Robinson,WR,KCC,24.9,247.5,311.7,54.3,98.1,2016,31,7
Malcolm Brown,RB,LAR,26.3,247.6,310.1,28.1,77.6,2015,31,7
2020 Late 3rd,PICK,,,248,288.08,,,,31,12
2019 Pick 35,PICK,,,248.34,288.98,,,,31,12
Tyler Eifert,TE,CIN,28.9,248.6,308.5,42.4,32.8,2013,30,7
Spencer Ware,RB,IND,27.7,249.1,311.9,40.7,78.6,2013,30,7
Willie Snead,WR,BAL,26.8,249.8,314.5,34.8,99.6,2014,30,6
Rodney Anderson,RB,CIN,,250.2,313.2,58.1,77.3,2019,29,7
Dexter Williams,RB,GBP,,250.8,313.9,59.3,69.7,2019,29,7
Ricky Seals-Jones,TE,ARI,24.4,253,313.7,54.9,34.8,2017,27,7
2019 Pick 36,PICK,,,253.1,294.72,,,,27,10
Preston Williams,WR,MIA,22.4,254.3,320,66.3,95.1,2019,27,6
Drew Lock,QB,DEN,22.8,254.6,162.1,50.8,32.4,2019,26,233
Josh Oliver,TE,JAC,,255.5,316.6,71.6,32.8,2019,26,6
Trayveon Williams,RB,CIN,21.8,255.5,319.6,52.6,79.3,2019,26,6
KeeSean Johnson,WR,ARI,22.8,256.8,323,73.3,98.1,2019,25,5
Phillip Dorsett,WR,NEP,26.6,257.2,323.5,19.7,104.6,2015,25,5
Theo Riddick,RB,DEN,28.3,257.4,321.9,25.3,80.7,2013,25,5
2019 Pick 37,PICK,,,257.72,300.25,,,,25,9
Michael Crabtree,WR,FA,31.9,259.3,326.1,26.2,109.6,2009,24,5
Breshad Perriman,WR,TBB,25.9,259.5,326.3,36.4,107,2015,24,5
Jordy Nelson,WR,FA,34.2,260,326.9,45.6,111,2008,23,5
Deon Cain,WR,IND,23,260.5,327.5,35.3,102.7,2018,23,5
2019 Pick 38,PICK,,,262.18,305.56,,,,22,8
Frank Gore,RB,BUF,36.3,264.9,330.9,32.9,91.2,2005,21,4
Rashard Higgins,WR,CLE,24.9,266,334.2,35.3,111.8,2016,20,4
Joe Flacco,QB,DEN,34.6,266.3,175.1,23.9,33.7,2008,20,171
Wendell Smallwood,RB,PHI,25.6,266.3,332.6,33.1,97.2,2016,20,4
2020 Early 4th,PICK,,,266.44,310.14,,,,20,7
2019 Pick 39,PICK,,,266.5,310.61,,,,20,7
Ted Ginn,WR,NOS,34.3,266.6,335,15.5,108.4,2007,20,4
Cameron Brate,TE,TBB,28.1,267.6,330.8,44.8,32.9,2014,20,4
Austin Seferian-Jenkins,TE,FA,26.9,268,331.3,22.6,44.3,2014,19,4
John Kelly,RB,LAR,22.9,269.6,336.5,37.7,84,2018,19,4
2019 Pick 40,PICK,,,270.64,315.42,,,,18,6
Doug Martin,RB,OAK,30.6,271.3,338.6,24.6,85.1,2012,18,4
Isaiah Crowell,RB,OAK,26.6,272,339.4,51.9,84.7,2014,18,4
Ty Montgomery,RB,NYJ,26.6,272.6,340.2,30.6,83.5,2015,17,4
Danny Amendola,WR,DET,33.8,273.3,343.1,27.1,113.5,2008,17,3
2019 Pick 41,PICK,,,274.62,319.96,,,,17,6
Trenton Cannon,RB,NYJ,25.1,274.8,342.8,56.5,107.5,2018,16,3
Justin Watson,WR,TBB,24.4,275.3,345.6,49.1,104.6,2018,16,3
Chris Hogan,WR,CAR,30.8,276.2,346.6,25.9,106.7,2011,16,3
Rod Smith,RB,NYG,27.6,276.8,345.2,34.3,106.3,2015,16,3
Jarrett Stidham,QB,NEP,23,277.8,188.2,25.6,41.7,2019,15,126
Corey Clement,RB,PHI,24.8,277.9,346.5,25.4,88.2,2017,15,3
2019 Pick 42,PICK,,,278.41,324.22,,,,15,5
Ty Johnson,RB,DET,,278.5,347.2,22.5,104.7,2019,15,3
Chris Conley,WR,JAC,26.8,279.9,351.1,20.3,112.8,2015,15,3
2020 4th,PICK,,,281.27,326.66,,,,14,5
Devontae Booker,RB,DEN,27.2,281.6,351,26.2,88.6,2016,14,3
2019 Pick 43,PICK,,,282.02,328.2,,,,14,5
Keith Kirkwood,WR,NOS,25.6,282.1,353.8,21.6,114.1,2018,14,3
2020 Mid 4th,PICK,,,282.3,328.25,,,,14,5
Bruce Anderson,RB,TBB,22.2,282.3,351.8,59.2,85.1,2019,14,3
Teddy Bridgewater,QB,NOS,26.8,283.4,194.8,44.1,35.9,2014,13,108
2021 4th,PICK,,,283.45,328.84,,,,13,5
Emanuel Hall,WR,CHI,,284,356.1,54.9,115.3,2019,13,2
Ryan Tannehill,QB,TEN,31.1,284,195.5,28.1,36.2,2012,13,106
2019 Pick 44,PICK,,,285.42,331.86,,,,13,4
Darren Waller,TE,OAK,26.9,285.8,352.2,70,40.1,2015,13,3
Brian Hill,RB,ATL,23.8,286.5,356.8,99.8,111.8,2017,13,2
JMon Moore,WR,GBP,24.2,286.6,359.3,25.3,111.4,2018,12,2
Case Keenum,QB,WAS,31.5,288.3,200.6,16.4,38.6,2012,12,94
Jake Kumerow,WR,GBP,27.5,288.4,361.5,21.2,110.9,2017,12,2
2019 Pick 45,PICK,,,288.63,335.22,,,,12,4
Myles Gaskin,RB,MIA,22.5,289.2,360.1,62,91.9,2019,12,2
Eli Manning,QB,NYG,38.6,289.5,202,30,37.8,2004,12,91
Ryan Fitzpatrick,QB,MIA,36.7,289.6,202.1,18.2,36.8,2005,12,91
DaMarkus Lodge,WR,TBB,22.3,290,363.4,3,128.8,2019,12,2
Dawson Knox,TE,BUF,22.7,290.7,357.9,70.8,37.9,2019,11,2
2019 Pick 46,PICK,,,291.62,338.24,,,,11,4
Wayne Gallman,RB,NYG,24.9,293,364.6,18.8,90.9,2017,11,2
Alex Collins,RB,FA,25,293.6,365.3,76.9,106.2,2016,11,2
Mike Weber,RB,DAL,22,294,365.8,23.4,94.3,2019,10,2
Blake Bortles,QB,LAR,27.7,294.1,207.5,30.5,39.1,2014,10,80
2019 Pick 47,PICK,,,294.38,340.94,,,,10,3
Alex Smith,QB,WAS,35.3,294.8,208.4,37.4,42.3,2005,10,78
Cole Beasley,WR,BUF,30.3,294.8,369.2,11,116.2,2012,10,2
2020 Late 4th,PICK,,,295.07,341.6,,,,10,3
Cameron Meredith,WR,NEP,26.9,296.2,370.9,14.5,116.2,2015,10,2
Kahale Warring,TE,HOU,22.4,296.6,364.8,58.8,36.2,2019,10,2
2019 Pick 48,PICK,,,296.93,343.26,,,,10,3
Chester Rogers,WR,IND,25.6,297.3,372.3,24.2,126.8,2016,10,2
Jordan Scarlett,RB,CAR,,297.6,370.1,66.3,92.1,2019,10,2
Alfred Blue,RB,JAC,28.3,297.8,370.4,17.9,104.2,2014,10,2
Travis Homer,RB,SEA,21,297.8,370.4,86.7,97.8,2019,10,2
Elijah Holyfield,RB,CAR,,298,370.6,31.4,104.7,2019,10,2
Pierre Garcon,WR,FA,33,298,373.1,29.9,115,2008,10,2
Hunter Renfrow,WR,OAK,23.6,298.7,374,50.6,109.6,2019,9,2
Jeffery Wilson,RB,SFO,23.7,299.3,372.2,25.8,104.3,2018,9,2
CJ Prosise,RB,SEA,25.2,299.5,372.4,7.5,110,2016,9,2
Dontrell Hilliard,RB,CLE,24.5,300,492,,,2018,9,0
David Williams,RB,DEN,25.2,300,,,,2018,9,
Orleans Darkwa,RB,FA,27.5,300,,,,2014,9,
Durham Smythe,TE,MIA,24,300,484.6,,,2018,9,0
Steven Mitchell,WR,HOU,25.3,300,,,,2018,9,
Devin Gray,WR,ATL,24.2,300,,,,2018,9,
Derrick Willies,WR,CLE,24.8,300,,,,2018,9,
Deon Yelder,TE,KCC,24.4,300,484.6,,,2018,9,0
Chase Litton,QB,KCC,23.9,300,,,,2018,9,
Cameron Batson,WR,TEN,23.7,300,,,,2018,9,
Allen Lazard,WR,GBP,23.7,300,,,,2018,9,
Cam Phillips,WR,BUF,23.7,300,,,,2018,9,
DeLance Turner,RB,BAL,24,300,,,,2018,9,
Rashad Ross,WR,CAR,29.5,300,,,,2013,9,
Cam Sims,WR,WAS,23.6,300,,,,2018,9,
Reggie Davis,WR,DAL,23.7,300,,,,2017,9,
Malachi Dupre,WR,LAC,23.8,300,,,,2017,9,
Austin Carr,WR,NOS,25.6,300,496.3,,,2017,9,0
Keon Hatcher,WR,OAK,24.9,300,,,,2017,9,
Taylor Heinicke,QB,CAR,26.4,300,351.6,,,2015,9,3
Russell Hansbrough,RB,FA,25.7,300,,,,2016,9,
Gehrig Dieter,WR,KCC,26.5,300,496.3,,,2017,9,0
Billy Brown,TE,IND,26.4,300,,,,2017,9,
Brandon Reilly,WR,PIT,25.9,300,,,,2017,9,
Devin Smith,WR,DAL,27.5,300,,,,2015,9,
Martez Carter,RB,FA,26.4,300,,,,2018,9,
Karlos Williams,RB,FA,26.3,300,,,,2015,9,
Jaelen Strong,WR,JAC,25.6,300,,,,2015,9,
Justin Hunter,WR,FA,28.2,300,,,,2013,9,
Johnny Manziel,QB,FA,26.7,300,,,,2014,9,
Cody Hollister,WR,TEN,25.7,300,,,,2017,9,
Alex McGough,QB,JAC,23.7,300,,,,2018,9,
Robert Martin,RB,FA,23.9,300,,,,2018,9,
Saeed Blacknall,WR,MIA,23.4,300,,,,2018,9,
Ryan Izzo,TE,NEP,23.6,300,,,,2018,9,
Quadree Henderson,WR,NYJ,22.9,300,,,,2018,9,
Mark Thompson,RB,DET,24.7,300,,,,2018,9,
Carlton Agudosi,WR,PHI,25.5,300,,,,2017,9,
Brandon Zylstra,WR,MIN,26.4,300,496.3,,,2018,9,0
Quinton Flowers,RB,CIN,24.7,300,,,,2018,9,
Jordan Veasy,WR,IND,24.1,300,,,,2018,9,
Jester Weah,WR,HOU,24.5,300,,,,2018,9,
Keith Ford,RB,GBP,25.3,300,,,,2018,9,
Tyler Conklin,TE,MIN,24,300,,,,2018,9,
Mike White,QB,DAL,24.4,300,,,,2018,9,
Vyncint Smith,WR,HOU,23.2,300,496.3,,,2018,9,0
Russell Gage,WR,ATL,23.6,300,496.3,,,2018,9,0
Ryan Griffin,QB,TBB,29.7,300,351.6,,,2013,9,3
Duke Williams,WR,BUF,26.3,300,,,,2016,9,
Darren Andrews,WR,FA,24,300,,,,2018,9,
Chris Warren,RB,FA,23.2,300,492,,,2018,9,0
Damoun Patterson,WR,NEP,24.9,300,,,,2018,9,
Brandon Powell,WR,DET,22.9,300,,,,2018,9,
Austin Roberts,TE,FA,23.7,300,,,,2018,9,
Danny Etling,WR,NEP,25.1,300,,,,2018,9,
Chris Lacy,WR,DET,23.5,300,,,,2018,9,
Shaun Wilson,RB,WAS,23.7,300,492,,,2018,9,0
Ross Dwelley,TE,SFO,24.6,300,,,,2018,9,
James OShaughnessy,TE,JAC,27.6,300,484.6,,,2015,9,0
Ryan Nall,RB,CHI,23.6,300,,,,2018,9,
Damion Ratley,WR,CLE,24.3,300,496.3,,,2018,9,0
Dalyn Dawkins,RB,TEN,24.6,300,,,,2018,9,
Dylan Cantrell,WR,LAC,25.1,300,,,,2018,9,
Cethan Carter,TE,CIN,25.9,300,,,,2017,9,
Tanner Gentry,WR,CHI,24.7,300,,,,2017,9,
DeAngelo Yancey,WR,FA,24.7,300,,,,2017,9,
Branden Oliver,RB,FA,28.3,300,,,,2014,9,
Mason Schreck,TE,CIN,25.8,300,,,,2017,9,
Khalfani Muhammad,RB,DEN,24.9,300,,,,2017,9,
Ross Travis,TE,IND,26.6,300,,,,2015,9,
Tanner Lee,QB,JAC,24.5,300,,,,2018,9,
Krishawn Hogan,WR,IND,24.3,300,,,,2017,9,
Elijah Hood,RB,CAR,23.3,300,,,,2017,9,
Victor Bolden,WR,BUF,24.4,300,,,,2017,9,
ArDarius Stewart,WR,FA,25.7,300,,,,2017,9,
Robert Davis,WR,WAS,24.4,300,,,,2017,9,
Davis Webb,QB,NYJ,24.6,300,351.6,,,2017,9,3
Donnel Pumphrey,RB,PHI,24.7,300,,,,2017,9,
Phillip Walker,QB,IND,24.5,300,,,,2017,9,
Fozzy Whittaker,RB,FA,30.5,300,,,,2012,9,
Brad Kaaya,QB,FA,23.9,300,,,,2017,9,
Justin Davis,RB,LAR,23.8,300,492,,,2017,9,0
Tyree Jackson,QB,BUF,22.5,300,,,,2019,9,
Damion Willis,WR,CIN,22.2,300,,,,2019,9,
Jamize Olawale,RB,DAL,30.3,300,492,,,2012,9,0
Tremon Smith,RB,KCC,23.1,300,,,,2018,9,
Kyle Sloter,QB,MIN,25.5,300,,,,2017,9,
Tim White,WR,NYJ,25.1,300,,,,2017,9,
Devante Mays,RB,JAC,25.2,300,,,,2017,9,
Cardale Jones,QB,LAC,26.9,300,,,,2016,9,
Thomas Rawls,RB,JAC,26,300,,,,2015,9,
Cooper Rush,QB,DAL,25.7,300,351.6,,,2017,9,3
Shelton Gibson,WR,PHI,24.4,300,496.3,,,2017,9,0
Quincy Adeboyejo,WR,FA,24.2,300,,,,2017,9,
Riley McCarron,WR,FA,26.2,300,,,,2017,9,
Paxton Lynch,QB,SEA,25.5,300,351.6,,,2016,9,3
Tommy Bohanon,RB,FA,28.9,300,,,,2013,9,
Brian Parker,TE,FA,27.2,300,,,,2015,9,
MyCole Pruitt,TE,TEN,27.4,300,,,,2015,9,
Leonte Carroo,WR,FA,25.6,300,,,,2016,9,
Khari Lee,TE,FA,27.6,300,,,,2015,9,
Sammie Coates,WR,FA,26.4,300,,,,2015,9,
Marcus Kemp,WR,KCC,24,300,496.3,,,2017,9,0
Cole Hikutini,TE,MIN,25.2,300,,,,2017,9,
Landry Jones,QB,FA,30.4,300,,,,2013,9,
Bucky Hodges,TE,PIT,24,300,,,,2017,9,
Johnny Mundt,TE,LAR,24.7,300,484.6,,,2017,9,0
Nate Sudfeld,QB,PHI,25.9,300,351.6,,,2016,9,3
Bryce Petty,QB,FA,28.2,300,,,,2015,9,
Dare Ogunbowale,RB,FA,25.3,300,,,,2017,9,
Pharoh Cooper,WR,ARI,24.4,300,,,,2016,9,
Robert Tonyan,TE,GBP,25.3,300,,,,2017,9,
Taquan Mizzell,WR,CHI,25.8,300,492,,,2017,9,0
Austin Davis,QB,FA,30.2,300,,,,2012,9,
Sean Culkin,TE,LAC,26.2,300,484.6,,,2017,9,0
Stacy Coley,WR,FA,25.3,300,,,,2017,9,
Matt Barkley,QB,BUF,28.9,300,351.6,,,2013,9,3
Noah Brown,WR,DAL,22.1,300,496.3,,,2017,9,0
Ricky Ortiz,RB,ATL,25.3,300,492,,,2017,9,0
Tyrone Swoopes,TE,SEA,24.8,300,,,,2017,9,
Artavis Scott,WR,LAC,24.7,300,,,,2017,9,
Bobo Wilson,WR,TBB,24.6,300,496.3,,,2017,9,0
David Morgan,TE,MIN,26.2,300,484.6,,,2016,9,0
Lance Lenoir,WR,DAL,24.5,300,,,,2017,9,
Brandon Wilds,RB,FA,26.1,300,,,,2016,9,
Charone Peake,WR,NYJ,26.8,300,,,,2016,9,
Josh Crockett,WR,FA,24.4,300,,,,2018,9,
Ben Braunecker,TE,CHI,25.5,300,484.6,,,2016,9,0
Brandon Coleman,WR,FA,27.1,300,,,,2014,9,
Jerell Adams,TE,HOU,26.6,300,484.6,,,2016,9,0
Kevin Hogan,QB,DEN,26.8,300,,,,2016,9,
Scott Simonson,TE,NYG,27.3,300,484.6,,,2014,9,0
Hakeem Valles,TE,FA,26.7,300,,,,2016,9,
Bennie Fowler,WR,NYG,28.2,300,496.3,,,2014,9,0
Tre McBride,WR,JAC,26.7,300,,,,2015,9,
Tanner McEvoy,WR,TEN,26.6,300,,,,2016,9,
Alex Erickson,WR,CIN,26.8,300,496.3,,,2016,9,0
Hunter Sharp,WR,CIN,25.3,300,,,,2016,9,
Neal Sterling,TE,KCC,27.6,300,,,,2015,9,
Ricardo Louis,WR,MIA,25.4,300,,,,2016,9,
Aaron Burbridge,WR,FA,25.6,300,,,,2016,9,
Cody Core,WR,CIN,25.3,300,496.3,,,2016,9,0
Nick OLeary,TE,MIA,27,300,484.6,,,2015,9,0
MarQueis Gray,TE,FA,28.8,300,,,,2013,9,
Daniel Brown,TE,NYJ,27.2,300,,,,2015,9,
Mike Gillislee,RB,FA,28.8,300,,,,2013,9,
Derrick Coleman,RB,FA,28.8,300,,,,2012,9,
Jeff Janis,WR,FA,28.2,300,,,,2014,9,
David Fluellen,RB,TEN,27.5,300,492,,,2014,9,0
Darius Jennings,WR,TEN,27.1,300,,,,2015,9,
Zach Line,RB,NOS,29.3,300,492,,,2013,9,0
Logan Thomas,TE,DET,28.1,300,484.6,,,2014,9,0
Michael Campanaro,WR,FA,28.6,300,,,,2014,9,
David Fales,QB,DET,28.9,300,,,,2014,9,
KJ Brent,WR,TBB,26,300,,,,2016,9,
Ryan Hewitt,RB,TEN,28.6,300,,,,2014,9,
Garrett Gilbert,QB,CLE,28.1,300,,,,2014,9,
DeAnthony Thomas,WR,FA,26.6,300,,,,2014,9,
Erik Swoope,TE,FA,27.3,300,,,,2014,9,
Byron Marshall,RB,WAS,25.5,300,,,,2016,9,
Will Tye,TE,PHI,27.8,300,,,,2015,9,
Rob Kelley,RB,FA,26.9,300,,,,2016,9,
Matt Lengel,TE,FA,28.6,300,,,,2015,9,
Charles Sims,RB,FA,28.9,300,,,,2014,9,
Troymaine Pope,RB,LAC,25.7,300,492,,,2016,9,0
Temarrick Hemingway,TE,CAR,26,300,,,,2016,9,
Andy Jones,WR,DET,25.1,300,496.3,,,2016,9,0
Darius Jackson,RB,DAL,25.7,300,492,,,2016,9,0
Tre Madden,RB,SEA,26,300,,,,2016,9,
Trevor Davis,WR,GBP,26.1,300,496.3,,,2016,9,0
Keenan Reynolds,WR,SEA,25.7,300,,,,2016,9,
Damiere Byrd,WR,ARI,26.5,300,,,,2015,9,
Gabe Holmes,TE,IND,28.4,300,,,,2015,9,
Roger Lewis,WR,IND,25.7,300,,,,2016,9,
Nick Williams,WR,DEN,28.7,300,,,,2013,9,
Jonathan Williams,RB,IND,25.5,300,492,,,2016,9,0
Kaelin Clay,WR,FA,27.6,300,,,,2015,9,
Tyler Ervin,RB,BAL,25.9,300,,,,2016,9,
Dion Sims,TE,FA,28.5,300,,,,2013,9,
Josh Ferguson,RB,HOU,26.2,300,492,,,2016,9,0
TJ Jones,WR,NYG,27.1,300,,,,2014,9,
DeAndre Carter,WR,HOU,26.3,300,496.3,,,2015,9,0
Derek Watt,RB,LAC,26.8,300,,,,2016,9,
Freddie Martino,WR,FA,27.9,300,,,,2014,9,
Benny Cunningham,RB,JAC,29.1,300,492,,,2013,9,0
Mose Frazier,WR,CAR,26,300,,,,2016,9,
Tra Carson,RB,GBP,26.8,300,,,,2016,9,
Jake Rudock,QB,MIA,26.6,300,,,,2016,9,
Rico Gathers,TE,FA,25.6,300,,,,2016,9,
Charcandrick West,RB,FA,28.2,300,,,,2014,9,
Tom Savage,QB,DET,29.3,300,351.6,,,2014,9,3
Blake Bell,TE,KCC,28,300,484.6,,,2015,9,0
Garrett Grayson,QB,FA,28.2,300,,,,2015,9,
Jeremy Langford,RB,FA,27.7,300,,,,2015,9,
AJ Derby,TE,NOS,27.9,300,,,,2015,9,
Clive Walford,TE,MIA,27.8,300,484.6,,,2015,9,0
Matt Jones,RB,FA,26.7,300,,,,2015,9,
Nick Boyle,TE,BAL,26.5,300,484.6,,,2015,9,0
Eric Tomlinson,TE,NYJ,27.3,300,484.6,,,2015,9,0
Johnny Holton,WR,PIT,28,300,,,,2016,9,
Alan Cross,TE,TBB,26.3,300,,,,2016,9,
Jordan Taylor,WR,MIN,27.5,300,496.3,,,2015,9,0
Geremy Davis,WR,LAC,27.6,300,496.3,,,2015,9,0
Michael Burton,RB,NOS,27.5,300,,,,2015,9,
Sean Mannion,QB,MIN,27.3,300,351.6,,,2015,9,3
Bradley Marquez,WR,FA,26.7,300,,,,2015,9,
Ralph Webb,RB,PIT,24.7,300,,,,2018,9,
Logan Woodside,QB,TEN,24.5,300,,,,2018,9,
Malik Turner,WR,FA,23.5,300,,,,2018,9,
Javon Wims,WR,CHI,24.9,300,,,,2018,9,
Janarion Grant,WR,FA,25.7,300,,,,2018,9,
JT Barrett,QB,NOS,24.6,300,,,,2018,9,
Jeff Badet,WR,MIN,25,300,,,,2018,9,
Nick Bawden,RB,DET,23.1,300,,,,2018,9,
Jaydon Mickens,WR,CAR,25.3,300,,,,2016,9,
Ben Koyack,TE,JAC,26.4,300,484.6,,,2015,9,0
Rashad Greene,WR,FA,26.9,300,,,,2015,9,
Steve Ishmael,WR,IND,24.1,300,,,,2018,9,
Kyle Allen,QB,CAR,23.4,300,,,,2018,9,
Kurt Benkert,QB,ATL,24.1,300,,,,2018,9,
Lavon Coleman,RB,FA,24.7,300,,,,2018,9,
Max McCaffrey,WR,SFO,25.2,300,,,,2016,9,
Tyler Bray,QB,CHI,27.6,300,,,,2013,9,
Tavarres King,WR,FA,29.1,300,,,,2013,9,
Russell Shepard,WR,NYG,28.7,300,496.3,,,2013,9,0
Senorise Perry,RB,BUF,27.9,300,,,,2014,9,
Geno Smith,QB,SEA,28.8,300,,,,2013,9,
Richard Rodgers,TE,PHI,27.6,300,484.6,,,2014,9,0
Xavier Grimble,TE,PIT,27,300,484.6,,,2014,9,0
Brandon Bolden,RB,NEP,29.6,300,492,,,2012,9,0
Levine Toilolo,TE,SFO,28,300,,,,2013,9,
Terrance Williams,WR,FA,29.9,300,,,,2013,9,
Terrance West,RB,FA,28.6,300,,,,2014,9,
Brandon Weeden,QB,HOU,35.8,300,,,,2012,9,
Alex Tanney,QB,NYG,31.8,300,,,,2012,9,
Mike Glennon,QB,OAK,29.7,300,351.6,,,2013,9,3
EJ Manuel,QB,FA,29.4,300,,,,2013,9,
Kenjon Barner,RB,ATL,30.3,300,492,,,2013,9,0
DJ Foster,RB,ARI,25.7,300,492,,,2016,9,0
Vince Mayle,TE,LAC,28.2,300,,,,2015,9,
Dan Vitale,RB,GBP,25.8,300,,,,2016,9,
Andy Janovich,RB,DEN,26.2,300,492,,,2016,9,0
Garrett Griffin,TE,NOS,25.4,300,,,,2016,9,
Tommylee Lewis,WR,DET,26.8,300,496.3,,,2016,9,0
Kenneth Farrow,RB,MIA,26.4,300,492,,,2016,9,0
Kerwynn Williams,RB,NOS,28.2,300,,,,2013,9,
Marvin Hall,WR,CHI,26.3,300,,,,2016,9,
Christine Michael,RB,FA,28.8,300,,,,2013,9,
Eddie Lacy,RB,FA,29.2,300,,,,2013,9,
Kalif Raymond,WR,TEN,25,300,,,,2016,9,
Markus Wheaton,WR,FA,28.5,300,,,,2013,9,
Brandon Allen,QB,LAR,26.9,300,,,,2016,9,
Cole Wick,TE,TEN,25.7,300,,,,2016,9,
Luis Perez,QB,FA,25,300,,,,2018,9,
Reggie White,WR,NYG,,300,,,,2019,9,
DErnest Johnson,RB,CLE,,300,,,,2019,9,
CJ Ham,RB,MIN,26.1,300,492,,,2016,9,0
Darrius Shepherd,WR,GBP,23.8,300,,,,2019,9,
Darvin Kidsy,WR,WAS,24.4,300,,,,2018,9,
Antony Auclair,TE,TBB,26.2,300,484.6,,,2017,9,0
KhaDarel Hodge,WR,LAR,24.6,300,,,,2018,9,
Stanley Morgan,WR,CIN,21.9,300,,,,2019,9,
Trevon Wesco,TE,NYJ,,300,484.6,,,2019,9,0
Evan Baylis,TE,GBP,25.7,300,,,,2017,9,
Isaac Nauta,TE,DET,22.2,300,,,,2019,9,
Jalin Moore,RB,NYJ,23.7,300,,,,2019,9,
JonVea Johnson,WR,DAL,23.6,300,,,,2019,9,
Ryan Griffin,TE,NYJ,29.6,300,,,,2013,9,
River Cracraft,WR,DEN,24.8,300,,,,2017,9,
Juwann Winfree,WR,DEN,22.9,300,496.3,,,2019,9,0
Roosevelt Nix,RB,PIT,27.4,300,,,,2014,9,
Darrin Hall,RB,CIN,22.9,300,,,,2019,9,
Joe Callahan,QB,BAL,26.2,300,,,,2016,9,
Alexander Armah,RB,CAR,25.2,300,,,,2017,9,
Tommy Sweeney,TE,BUF,24.1,300,,,,2019,9,
Emmanuel Butler,WR,NOS,23,300,496.3,,,2019,9,0
David Blough,QB,CLE,24,300,,,,2019,9,
Darren Fells,TE,HOU,33.3,300,484.6,,,2012,9,0
Tyre Brady,WR,JAC,24.3,300,,,,2019,9,
Dax Raymond,TE,CHI,24.7,300,,,,2019,9,
Jason Vander Laan,TE,CAR,26.9,300,,,,2017,9,
James Develin,RB,NEP,31.1,300,492,,,2010,9,0
Trey Edmunds,RB,PIT,24.6,300,,,,2017,9,
Christian Wade,RB,BUF,28.3,300,,,,2019,9,
Charles Johnson,WR,PHI,30.5,300,,,,2013,9,
AJ Richardson,WR,ARI,,300,,,,2019,9,
Alonzo Russell,WR,NYG,26.9,300,,,,2018,9,
Marken Michel,WR,PHI,26.1,300,,,,2018,9,
Marcus Johnson,WR,IND,25,300,,,,2016,9,
Kaden Smith,TE,SFO,,300,484.6,,,2019,9,0
Olabisi Johnson,WR,MIN,22.4,300,,,,2019,9,
Colin Kaepernick,QB,FA,31.8,300,,,,2011,9,
Kendall Wright,WR,FA,29.8,300,,,,2012,9,
Anthony Sherman,RB,KCC,30.7,300,492,,,2011,9,0
Scott Miller,WR,TBB,22,300,496.3,,,2019,9,0
Derek Carrier,TE,OAK,29.1,300,484.6,,,2012,9,0
Coby Fleener,TE,FA,30.9,300,,,,2012,9,
Jermaine Gresham,TE,FA,31.2,300,,,,2010,9,
Michael Floyd,WR,BAL,29.7,300,,,,2012,9,
Travaris Cadet,RB,FA,30.5,300,,,,2012,9,
Luke Stocker,TE,ATL,31.1,300,484.6,,,2011,9,0
Lance Kendricks,TE,NEP,31.5,300,,,,2011,9,
Lee Smith,TE,BUF,31.7,300,,,,2011,9,
DeMarco Murray,RB,FA,31.5,300,,,,2011,9,
Shane Vereen,RB,FA,30.5,300,,,,2011,9,
Michael Hoomanawanui,TE,FA,31.1,300,,,,2010,9,
Logan Paulsen,TE,ATL,32.5,300,484.6,,,2010,9,0
Sam Bradford,QB,FA,31.8,300,,,,2010,9,
Andre Roberts,WR,BUF,31.6,300,496.3,,,2010,9,0
Rhett Ellison,TE,NYG,30.9,300,484.6,,,2012,9,0
Jeremy Kerley,WR,FA,30.7,300,,,,2011,9,
Niles Paul,TE,FA,30,300,,,,2011,9,
Orson Charles,TE,CLE,28.6,300,,,,2012,9,
Brian Quick,WR,WAS,30.2,300,,,,2012,9,
Jazz Ferguson,WR,SEA,22.6,300,,,,2019,9,
Cody Thompson,WR,KCC,23.6,300,,,,2019,9,
Jalen Guyton,WR,DAL,,300,,,,2019,9,
Deonte Thompson,WR,NYJ,30.5,300,,,,2012,9,
Taiwan Jones,RB,HOU,31.1,300,,,,2011,9,
Brittan Golden,WR,NYG,31.1,300,,,,2012,9,
Kamar Aiken,WR,FA,30.2,300,,,,2011,9,
Stevan Ridley,RB,FA,30.6,300,,,,2011,9,
Robert Turbin,RB,FA,29.7,300,,,,2012,9,
Rod Streater,WR,FA,31.5,300,,,,2012,9,
Dwayne Harris,WR,OAK,31.9,300,496.3,,,2011,9,0
Andre Holmes,WR,FA,31.2,300,,,,2011,9,
Aldrick Robinson,WR,CAR,30.9,300,,,,2011,9,
Cullen Gillaspia,RB,HOU,24.3,300,,,,2019,9,
Josh Caldwell,RB,KCC,,300,,,,2019,9,
Ishmael Hyman,WR,CLE,,300,,,,2019,9,
Mike Wallace,WR,FA,33,300,,,,2009,9,
Josh Johnson,QB,FA,33.3,300,,,,2008,9,
Jeremy Cox,RB,LAC,,300,,,,2019,9,
Tim Boyle,QB,GBP,24.9,300,,,,2018,9,
Joshua Perkins,TE,PHI,26,300,484.6,,,2016,9,0
Darrell Daniels,TE,ARI,24.7,300,,,,2016,9,
Anthony Ratliff-Williams,WR,TEN,22.2,300,,,,2019,9,
Mark Sanchez,QB,FA,32.8,300,,,,2009,9,
Jeremy Maclin,WR,FA,31.3,300,,,,2009,9,
Brandon LaFell,WR,FA,32.8,300,,,,2010,9,
Joe Webb,QB,HOU,32.8,300,,,,2010,9,
Jonathan Stewart,RB,FA,32.4,300,,,,2008,9,
Jamaal Charles,RB,FA,32.6,300,,,,2008,9,
Kenny Britt,WR,FA,30.9,300,,,,2009,9,
Martellus Bennett,TE,FA,32.4,300,,,,2008,9,
Drew Stanton,QB,CLE,35.3,300,351.6,,,2007,9,3
Dillon Mitchell,WR,MIN,,300,496.3,,,2019,9,0
Travis Fulgham,WR,DET,,300,496.3,,,2019,9,0
Antonio Gates,TE,LAC,39.2,300,,,,2003,9,
Nick Bellore,RB,SEA,30.3,300,,,,2011,9,
Marcus Green,WR,ATL,23,300,,,,2019,9,
Penny Hart,WR,IND,23.1,300,,,,2019,9,
Johnnie Dixon,WR,HOU,,300,,,,2019,9,
John Ursua,WR,SEA,,300,,,,2019,9,
Joshua Dobbs,QB,PIT,24.6,300,351.6,,,2017,9,3
Buddy Howell,RB,HOU,23.4,300,,,,2018,9,
Ashton Dulin,WR,IND,,300,,,,2019,9,
Matthew Dayes,RB,NOS,23.9,300,,,,2017,9,
Donald Parham,TE,WAS,,300,,,,2019,9,
Chad Kelly,QB,IND,25.4,300,,,,2017,9,
DaMari Scott,WR,NYG,24,300,,,,2018,9,
JoJo Natson,WR,LAR,25.5,300,,,,2016,9,
Patrick Ricard,RB,BAL,25.2,300,,,,2017,9,
Jawill Davis,WR,GBP,24.4,300,,,,2018,9,
John Phillips,TE,FA,32.2,300,,,,2009,9,
Zach Gentry,TE,PIT,22.9,300,484.6,,,2019,9,0
Keith Smith,RB,OAK,27.4,300,,,,2014,9,
Reece Horn,WR,MIA,26.5,300,,,,2019,9,
Matt Slater,WR,NEP,33.9,300,,,,2008,9,
Wes Hills,RB,ARI,24.2,300,,,,2019,9,
Keelan Doss,WR,OAK,23.4,300,,,,2019,9,
Trace McSorley,QB,BAL,24,300,,,,2019,9,
Alex Ellis,TE,PHI,26.5,300,,,,2016,9,
Jaylen Smith,WR,BAL,22,300,,,,2019,9,
Dredrick Snelson,WR,FA,,300,,,,2019,9,
Brett Rypien,QB,DEN,,300,,,,2019,9,
Andrew Beck,TE,NEP,23.2,300,,,,2019,9,
Chandler Cox,RB,MIA,,300,,,,2019,9,
James Williams,RB,KCC,,300,,,,2019,9,
CJ Conrad,TE,NYG,23.3,300,,,,2019,9,
Easton Stick,QB,LAC,,300,,,,2019,9,
Jordan Franks,TE,CIN,23.5,300,,,,2018,9,
Patrick DiMarco,RB,BUF,30.3,300,492,,,2011,9,0
Deontez Alexander,WR,DET,23.1,300,,,,2018,9,
Jon Hilliman,RB,NYG,23.8,300,,,,2019,9,
Antoine Wesley,WR,BAL,21.8,300,,,,2019,9,
Nick Brossette,RB,NEP,23.5,300,,,,2019,9,
Kyle Shurmur,QB,KCC,22.8,300,,,,2019,9,
Brandon Tate,WR,FA,31.9,300,,,,2009,9,
Darrius Heyward-Bey,WR,FA,32.5,300,,,,2009,9,
Tyron Johnson,WR,HOU,23.6,300,,,,2019,9,
Zach Miller,TE,FA,34.9,300,,,,2009,9,
Matt Schaub,QB,ATL,38.1,300,351.6,,,2004,9,3
Derek Anderson,QB,FA,36.2,300,,,,2005,9,
Jalen Tolliver,WR,TEN,23.6,300,,,,2018,9,
Matt Cassel,QB,FA,37.3,300,,,,2005,9,
Calvin Johnson,WR,FA,33.9,300,,,,2007,9,
Matt Moore,QB,FA,35,300,,,,2007,9,
Terry Godwin,WR,CAR,22.8,300,,,,2019,9,
Jay Cutler,QB,FA,36.3,300,,,,2006,9,
Brandon Marshall,WR,FA,35.4,300,,,,2006,9,
Marcus Murphy,RB,BUF,27.9,300.5,373.6,57.5,110.9,2015,9,2
Geoff Swaim,TE,JAC,25.9,300.7,369.6,37.2,44.2,2015,9,2
Will Dissly,TE,SEA,23.1,301.3,370.3,50.3,40.5,2018,9,2
Jake Butt,TE,DEN,24.1,302.1,371.2,59.5,44.6,2017,9,2
Travis Benjamin,WR,LAC,29.6,303,379.2,34.2,118.6,2012,8,1
Alize Mack,TE,NOS,22.4,306,375.8,8,50.1,2019,8,2
Dez Bryant,WR,FA,30.8,306,382.8,36.7,127.6,2010,8,1
Mason Rudolph,QB,PIT,24.1,306.3,222.5,22.1,43.8,2018,8,56
Qadree Ollison,RB,ATL,22.9,306.8,381.1,71.8,93.5,2019,8,1
Mark Walton,RB,MIA,22.4,307.8,382.3,39.1,101.3,2018,8,1
Dontrelle Inman,WR,NEP,30.5,309.7,387.3,58.2,124.2,2013,7,1
Ryan Grant,WR,OAK,28.7,310.3,388,28.8,129,2014,7,1
Adam Shaheen,TE,CHI,25.6,310.5,381,48.4,39.4,2017,7,1
Jermaine Kearse,WR,DET,29.5,310.7,388.5,32.4,134.1,2012,7,1
Ryan Finley,QB,CIN,24.6,311,228.4,12,46,2019,7,49
Nick Vannett,TE,SEA,26.4,313.2,384.1,45.7,45.7,2016,7,1
Laquon Treadwell,WR,MIN,24.2,314.3,392.9,36.6,121.8,2016,7,1
Jordan Thomas,TE,HOU,23,314.8,386,55.6,40.5,2018,6,1
Foster Moreau,TE,OAK,22.3,315.2,386.5,80.3,47.1,2019,6,1
Trent Sherfield,WR,ARI,23.5,315.5,394.3,10.5,115.5,2018,6,1
Roc Thomas,RB,JAC,24,315.5,391.5,26.5,111.3,2018,6,1
Corey Coleman,WR,NYG,25.1,315.8,394.7,66.4,121,2016,6,1
Jordan Matthews,WR,SFO,27.1,316,394.9,21.6,127.5,2014,6,1
Tyrod Taylor,QB,LAC,30,316.4,235.2,47.6,43.7,2011,6,42
Nick Mullens,QB,SFO,24.4,316.6,235.5,54.8,41.3,2017,6,41
Bilal Powell,RB,NYJ,30.8,317,393.3,38.5,102.1,2011,6,1
Rishard Matthews,WR,NOS,29.8,318,397.4,35.7,138.1,2012,6,1
Will Grier,QB,CAR,24.4,318,237.3,54.7,39.6,2019,6,40
Ameer Abdullah,RB,MIN,26.2,323,400.5,24.8,105.5,2015,5,1
Colt McCoy,QB,WAS,32.9,323,243.7,31,50.4,2010,5,34
Kelvin Benjamin,WR,FA,28.5,323.2,403.7,35,122.3,2014,5,1
Blake Jarwin,TE,DAL,25.1,324.5,397.3,40.8,43.5,2017,5,1
Ryan Switzer,WR,PIT,24.8,324.8,405.6,59.6,128,2017,5,1
Charles Clay,TE,ARI,30.5,325,397.9,36.7,46.6,2011,5,1
Mike Boone,RB,MIN,24.1,325.3,403.2,48.3,99.4,2018,5,1
Maurice Harris,WR,NEP,26.8,325.7,406.7,89.3,124,2016,5,1
Cordarrelle Patterson,WR,CHI,28.4,326.5,407.6,31.5,121.6,2013,5,1
Allen Hurns,WR,MIA,27.7,327,408.3,37.9,123.3,2014,5,1
Jason Witten,TE,DAL,37.3,327.7,401,44.5,44.5,2003,5,1
Javorius Allen,RB,NOS,28,327.8,406.2,49,97.2,2015,5,1
Alfred Morris,RB,DAL,30.7,330,408.8,97,105.6,2012,5,1
Trent Taylor,WR,SFO,25.3,331,413.1,38.8,130.8,2017,4,1
Jakeem Grant,WR,MIA,26.8,331.8,414.1,52.6,133.8,2016,4,1
Ben Watson,TE,NEP,38.7,334,408.3,34,44.1,2004,4,1
Darius Slayton,WR,NYG,,335.8,418.9,91.9,135.3,2019,4,1
Kendrick Bourne,WR,SFO,24,338,421.6,12,133.4,2017,4,1
Chad Williams,WR,ARI,24.8,338.6,422.3,54.3,136.4,2017,4,1
LeGarrette Blount,RB,FA,32.7,339,419.6,29.1,102.2,2010,4,1
Jacoby Brissett,QB,IND,26.7,339.8,265.8,42.5,43.3,2016,4,20
Devine Ozigbo,RB,NOS,22.9,341.5,422.6,110.8,103.7,2019,3,1
Darrel Williams,RB,KCC,24.3,342,423.1,50.8,111.6,2018,3,1
Jaron Brown,WR,SEA,29.6,342.3,426.7,34.6,136.4,2013,3,0
Tim Patrick,WR,DEN,25.7,344,428.8,36.9,126.6,2017,3,0
Luke Willson,TE,OAK,29.6,345,421.1,4,66,2013,3,1
Corey Grant,RB,FA,27.7,346,427.9,70,107.9,2015,3,0
Chris Moore,WR,BAL,26.2,349.3,435.2,56.2,144.4,2016,3,0
Bruce Ellington,WR,FA,28,350.3,436.4,71.2,134,2014,3,0
Jesse James,TE,DET,25.2,351,428.1,35.4,45.6,2015,3,0
LilJordan Humphrey,WR,NOS,21.3,353,439.7,42,135.5,2019,3,0
Clayton Thorson,QB,PHI,23.6,359.6,292.9,,43.5,2019,2,11
Andre Ellington,RB,TBB,30.5,360,444.6,73,117,2013,2,0
Boston Scott,RB,PHI,24.3,362.3,447.3,30.8,109.8,2018,2,0
CJ Uzomah,TE,CIN,26.6,362.7,441.6,7.4,46.4,2015,2,0
Braxton Berrios,WR,NEP,23.9,364,452.9,93.7,138.7,2018,2,0
Kyle Lauletta,QB,NYG,24.4,364.1,299.3,,48,2018,2,9
Jarius Wright,WR,CAR,29.7,365,454.1,37,,2012,2,0
DeShone Kizer,QB,GBP,23.6,365.5,301.2,,49.4,2017,2,9
CJ Beathard,QB,SFO,25.7,366.2,302.2,,50.1,2017,2,9
Chad Henne,QB,KCC,34.1,366.4,302.5,,50.3,2008,2,9
Taysom Hill,QB,NOS,29,366.5,302.6,15.5,47.3,2017,2,9
Chase Daniel,QB,CHI,32.9,367.8,304.5,,51.7,2009,2,8
Josh McCown,QB,FA,40.1,367.8,304.5,,51.7,2002,2,8
Brock Osweiler,QB,FA,28.7,368.4,305.3,,52.3,2012,2,8
Robert Griffin,QB,BAL,29.5,368.4,305.3,,52.3,2012,2,8
Byron Pringle,WR,KCC,25.7,370,460.2,,105,2018,2,0
Cody Kessler,QB,PHI,26.3,370.7,308.6,,54.6,2016,2,7
Gardner Minshew,QB,JAC,23.2,370.7,308.6,,54.6,2019,2,7
Isaiah McKenzie,WR,BUF,24.4,371,461.4,42,,2017,2,0
Marcell Ateman,WR,OAK,24.9,371.5,462,109.5,149.4,2018,2,0
Luke Falk,QB,NYJ,24.6,371.8,310.2,,55.7,2018,2,7
Jeff Driskel,QB,CIN,26.3,371.9,310.3,,55.8,2016,2,7
Dan Arnold,TE,NOS,24.4,372.3,452.7,51.9,55.6,2017,2,0
Cody Latimer,WR,NYG,26.8,372.5,463.2,62.5,155,2014,2,0
Brett Hundley,QB,ARI,26.2,373.1,312,,57,2015,2,7
Trevor Siemian,QB,NYJ,27.6,373.1,312,,57,2015,2,7
Blaine Gabbert,QB,TBB,29.8,373.6,312.8,,57.5,2011,2,7
Mo Alie-Cox,TE,IND,25.9,374,454.7,85,56,2017,2,0
Seth Roberts,WR,BAL,28.5,374,465,52,151.6,2014,2,0
AJ McCarron,QB,HOU,28.9,374.6,314.2,,58.5,2014,2,7
Brian Hoyer,QB,NEP,33.8,377.1,317.8,,61,2009,1,6
Nathan Peterman,QB,OAK,25.3,377.1,317.8,,61,2017,1,6
Tyler Kroft,TE,BUF,26.8,381.3,463.1,16.4,52.3,2015,1,0
Chad Beebe,WR,MIN,25.2,382.7,475.5,50.4,143.5,2018,1,0
DeAndre Washington,RB,OAK,26.5,383,471.9,94,108.3,2016,1,0
Tyler Higbee,TE,LAR,26.6,385,467.3,13,51.7,2016,1,0
Martavis Bryant,WR,FA,27.7,389.8,484,,124.8,2014,1,0
Matt LaCosse,TE,NEP,26.9,392.2,475.6,,46.7,2015,1,0
Drew Sample,TE,CIN,,395.4,479.3,,49.9,2019,1,0
Kevin White,WR,ARI,27.1,396.3,491.8,,131.3,2015,1,0
Darren Sproles,RB,PHI,36.2,396.3,487.6,,106.8,2005,1,0
Demetrius Harris,TE,CLE,28,397,481.2,67,59.6,2013,1,0
Terrelle Pryor,WR,JAC,30.2,397.8,493.6,,132.8,2011,1,0
Richie James,WR,SFO,24.4,398,493.9,86,149,2018,1,0
Paul Perkins,RB,NYG,24.7,398.3,490,,108.8,2016,1,0
Stephen Anderson,TE,NEP,26.5,399.5,484,,54,2016,1,0
Damarea Crockett,RB,HOU,,399.6,491.5,,110.1,2019,1,0
Mack Hollins,WR,PHI,25.9,400.3,496.6,62.2,143.8,2017,1,0
Vernon Davis,TE,WAS,35.5,401.6,486.5,,56.1,2006,1,0
Jordan Akins,TE,HOU,27.3,401.6,486.5,,56.1,2018,1,0
Caleb Wilson,TE,ARI,,402,486.9,,56.5,2019,1,0
Chris Ivory,RB,FA,31.4,403.3,495.9,,113.8,2010,1,0
Samaje Perine,RB,WAS,23.9,404.1,496.9,,114.6,2017,1,0
Cameron Artis-Payne,RB,CAR,29.1,404.1,496.9,,114.6,2015,1,0
Tavon Austin,WR,DAL,28.4,404.5,497.3,,115,2013,1,0
Jordan Leggett,TE,TBB,24.5,404.5,489.8,,59,2017,1,0
Dalton Schultz,TE,DAL,23.1,404.7,490,,59.2,2018,1,0
Elijhaa Penny,RB,NYG,26,405.5,498.5,,116,2016,1,0
Raheem Mostert,RB,SFO,27.4,406.5,499.7,,117,2015,1,0
Greg Dortch,WR,NYJ,21.2,406.5,504.1,,141.5,2019,1,0
Jeff Heuerman,TE,DEN,26.7,406.7,492.3,,61.2,2015,1,0
Jacquizz Rodgers,RB,NOS,29.5,407.5,500.9,48.5,118,2011,1,0
Josh Hill,TE,NOS,29.2,408,493.8,14,63.5,2013,1,0
Bo Scarbrough,RB,SEA,22.9,408.2,501.7,,118.7,2018,1,0
DeAngelo Henderson,RB,MIN,26.7,408.2,501.7,,118.7,2017,1,0
JJ Nelson,WR,OAK,27.3,408.2,506.1,,143.2,2015,1,0
JD McKissic,RB,SEA,25.8,408.2,501.7,,118.7,2016,1,0
Jeremy Hill,RB,FA,26.8,408.3,501.8,,118.8,2014,1,0
Zach Zenner,RB,DET,27.9,408.8,502.4,,119.3,2015,1,0
Jason Croom,TE,BUF,25.5,409,495,,63.5,2017,1,0
Garrett Celek,TE,SFO,31.2,411.2,497.5,,65.7,2012,1,0
Ed Dickson,TE,SEA,32.1,411.5,497.8,25.5,61.5,2010,1,0
Jeremy McNichols,RB,TEN,23.6,411.5,505.6,,122,2017,1,0
Maxx Williams,TE,ARI,25.3,411.6,498,,66.1,2015,1,0
Kyle Juszczyk,RB,SFO,28.3,411.7,505.9,,122.2,2013,1,0
Zach Pascal,WR,IND,24.7,412,510.7,,147,2017,1,0
Troy Fumagalli,TE,DEN,24.5,412.2,498.7,,66.7,2018,1,0
Dwayne Washington,RB,NOS,25.3,412.7,507,,123.2,2016,1,0
Jaleel Scott,WR,BAL,24.5,412.8,511.7,,147.8,2018,1,0
Anthony Firkser,TE,TEN,24.5,413.2,499.8,,67.7,2018,1,0
Auden Tate,WR,CIN,22.5,413.5,512.5,,148.5,2018,1,0
Eric Saubert,TE,ATL,25.3,414,500.7,,68.5,2017,1,0
Virgil Green,TE,LAC,31,414.1,500.8,,68.6,2011,1,0
Jacob Hollister,TE,SEA,25.7,414.5,501.3,,69,2017,1,0
Marcedes Lewis,TE,GBP,35.2,414.5,501.3,,69,2006,1,0
Jeremy Sprinkle,TE,WAS,25,414.5,501.3,,69,2017,1,0
Amara Darboh,WR,SEA,25.5,415,514.3,,150,2017,1,0
TJ Logan,RB,ARI,24.9,416.5,511.5,,127,2017,1,0
Seth DeValve,TE,CLE,26.5,416.5,503.6,,71,2016,1,0
Detrez Newsome,RB,LAC,25.4,416.8,511.9,,127.3,2018,1,0
Michael Roberts,TE,FA,25.3,418,505.3,,72.5,2017,1,0
Torrey Smith,WR,CAR,30.6,418,517.9,,153,2011,1,0
Jordan Lasley,WR,OAK,22.8,418.4,518.4,,153.4,2018,1,0
Eli Rogers,WR,PIT,26.6,419.8,520.1,,154.8,2015,1,0
Tajae Sharpe,WR,TEN,24.6,420,520.3,56,146,2016,1,0
Kapri Bibbs,RB,FA,26.6,420.5,516.3,,131,2014,1,0
Dwayne Allen,TE,MIA,29.5,420.8,508.5,,75.3,2012,1,0
Josh Malone,WR,CIN,23.4,422,522.7,,157,2017,1,0
Justin Hardy,WR,ATL,27.7,423.5,524.5,,158.5,2015,1,0
Brice Butler,WR,MIA,29.5,425,526.3,,160,2013,0,0
Josh Bellamy,WR,NYJ,30.2,426.5,528.1,,161.5,2012,0,0
Braxton Miller,WR,PHI,26.7,429.3,531.5,,164.3,2016,0,0
Chad Hansen,WR,HOU,24.6,429.7,531.9,,164.7,2017,0,0
Deontay Burnett,WR,NYJ,21.9,433.3,536.3,,168.3,2018,0,0
Isaiah Ford,WR,MIA,23.5,434.3,537.4,,169.3,2017,0,0
Jehu Chesson,WR,WAS,25.6,434.7,537.9,,169.7,2017,0,0
