"player","pos","team","age","draft_year","ecr_1qb","ecr_2qb","ecr_pos","value_1qb","value_2qb","scrape_date","fp_id"
"Ja'Marr Chase","WR","CIN",25.9,2021,1.1,6,1.2,10232,9119,"2026-01-30","19788"
"Jaxon Smith-Njigba","WR","SEA",24,2023,3.8,9.5,2.6,9603,8399,"2026-01-30","23070"
"Bijan Robinson","RB","ATL",24,2023,4.4,11.8,1.2,9469,7957,"2026-01-30","23133"
"CeeDee Lamb","WR","DAL",26.8,2020,4.7,9.8,4.6,9402,8340,"2026-01-30","19202"
"Justin Jefferson","WR","MIN",26.6,2020,5.3,8.9,5.2,9270,8518,"2026-01-30","19236"
"Puka Nacua","WR","LAR",24.7,2023,5.5,11.6,2.6,9227,7995,"2026-01-30","23180"
"Jahmyr Gibbs","RB","DET",23.9,2023,6.4,15.5,1.8,9034,7295,"2026-01-30","22968"
"Amon-Ra St. Brown","WR","DET",26.3,2021,6.5,13.3,5.4,9013,7682,"2026-01-30","19799"
"Malik Nabers","WR","NYG",22.5,2024,11,21.8,7,8108,6291,"2026-01-30","25409"
"Ashton Jeanty","RB","LV",22.2,2025,12.2,21.2,4.8,7883,6380,"2026-01-30","25989"
"Drake London","WR","ATL",24.5,2022,15,24.1,7.6,7381,5960,"2026-01-30","23163"
"James Cook III","RB","BUF",26.3,2022,17.5,29.5,6.7,6960,5249,"2026-01-30","22958"
"Garrett Wilson","WR","NYJ",25.5,2022,18.4,30.1,13.4,6814,5176,"2026-01-30","23072"
"Josh Allen","QB","BUF",29.7,2018,18.7,1.3,1.2,6766,10184,"2026-01-30","17298"
"Jonathan Taylor","RB","IND",27,2020,19.1,30.7,5.7,6703,5103,"2026-01-30","19217"
"Chris Olave","WR","NO",25.6,2022,20.8,33.6,13.4,6440,4767,"2026-01-30","20111"
"Nico Collins","WR","HOU",26.9,2021,21.2,34.2,10.6,6380,4701,"2026-01-30","20130"
"Tetairoa McMillan","WR","CAR",22.8,2025,21.3,31,12,6365,5068,"2026-01-30","25417"
"De'Von Achane","RB","MIA",24.3,2023,21.5,31.6,4.2,6335,4997,"2026-01-30","23136"
"Omarion Hampton","RB","LAC",22.9,2025,21.7,33,7.7,6306,4835,"2026-01-30","25395"
"Breece Hall","RB","NYJ",24.7,2022,23.5,35.5,10,6044,4559,"2026-01-30","22982"
"Rashee Rice","WR","KC",25.8,2023,25.2,36.7,13.8,5808,4432,"2026-01-30","23113"
"A.J. Brown","WR","PHI",28.6,2019,25.9,36.8,19.4,5713,4422,"2026-01-30","18218"
"Brock Bowers","TE","LV",23.1,2024,26.8,38.1,1.2,5593,4289,"2026-01-30","22955"
"Trey McBride","TE","ARI",26.2,2022,26.9,37.3,1.8,5580,4370,"2026-01-30","22936"
"Marvin Harrison Jr.","WR","ARI",23.5,2024,27,36.5,22.2,5567,4453,"2026-01-30","23064"
"George Pickens","WR","DAL",24.9,2022,28.9,29.7,10.8,5324,5225,"2026-01-30","22963"
"Rome Odunze","WR","CHI",23.7,2024,31.9,44.5,22.4,4962,3690,"2026-01-30","25411"
"Ladd McConkey","WR","LAC",24.2,2024,32.2,43.2,18.2,4927,3804,"2026-01-30","26122"
"Christian McCaffrey","RB","SF",29.6,2017,33.1,43.9,14.7,4824,3742,"2026-01-30","16393"
"Chase Brown","RB","CIN",25.9,2023,33.5,44.8,11.5,4778,3664,"2026-01-30","25324"
"Drake Maye","QB","NE",23.4,2024,34.8,20.9,2.2,4635,6425,"2026-01-30","23046"
"Luther Burden III","WR","CHI",22.1,2025,35,47.3,19.6,4613,3455,"2026-01-30","27016"
"Bucky Irving","RB","TB",23.4,2024,35.5,49.3,11,4559,3296,"2026-01-30","25981"
"DeVonta Smith","WR","PHI",27.2,2021,36.1,50.1,23.2,4495,3235,"2026-01-30","19222"
"Sam LaPorta","TE","DET",25,2023,38,49.1,6.2,4299,3312,"2026-01-30","22978"
"Jaylen Waddle","WR","MIA",27.2,2021,38.1,50.6,24.6,4289,3197,"2026-01-30","19790"
"Patrick Mahomes II","QB","KC",30.4,2017,38.4,9,6,4259,8498,"2026-01-30","16413"
"TreVeyon Henderson","RB","NE",23.3,2025,39.3,51.7,12.3,4170,3116,"2026-01-30","23065"
"Emeka Egbuka","WR","TB",23.3,2025,39.3,50.3,22.8,4170,3220,"2026-01-30","23062"
"Brian Thomas Jr.","WR","JAC",23.3,2024,40.7,51.7,22.2,4035,3116,"2026-01-30","23000"
"Tee Higgins","WR","CIN",27,2020,41.8,48.8,20.2,3932,3335,"2026-01-30","19211"
"Joe Burrow","QB","CIN",29.1,2020,42.1,10,4.6,3904,8301,"2026-01-30","19196"
"Jameson Williams","WR","DET",24.8,2022,42.3,55.7,23.2,3886,2836,"2026-01-30","23677"
"Zay Flowers","WR","BAL",25.4,2023,42.6,57.5,21.4,3858,2719,"2026-01-30","22916"
"Lamar Jackson","QB","BAL",29.1,2018,42.6,9.7,4.4,3858,8360,"2026-01-30","17233"
"Saquon Barkley","RB","PHI",29,2018,44.1,57.2,14,3725,2738,"2026-01-30","17240"
"Colston Loveland","TE","CHI",21.8,2025,44.7,58.7,3.8,3673,2643,"2026-01-30","26006"
"Jalen Hurts","QB","PHI",27.5,2020,46.7,11.1,7.6,3504,8089,"2026-01-30","19275"
"Kyren Williams","RB","LAR",25.4,2022,47,61.3,15,3479,2486,"2026-01-30","23059"
"Jayden Daniels","QB","WAS",25.1,2024,48,15.3,4.8,3399,7329,"2026-01-30","22902"
"Tyler Warren","TE","IND",23.7,2025,48.2,61.3,4.6,3383,2486,"2026-01-30","26434"
"Josh Jacobs","RB","GB",28,2019,51,62.8,14.3,3167,2400,"2026-01-30","18269"
"RJ Harvey","RB","DEN",25,2025,52.5,65.7,16.5,3058,2242,"2026-01-30","27142"
"Travis Hunter","WR","JAC",22.7,2025,53.5,68.2,28,2987,2114,"2026-01-30","26034"
"Travis Etienne Jr.","RB","JAC",27,2021,56.6,70.7,21.2,2777,1994,"2026-01-30","19231"
"Quinshon Judkins","RB","CLE",22.3,2025,57.3,70,16,2731,2027,"2026-01-30","25391"
"DK Metcalf","WR","PIT",28.1,2019,57.5,83.8,33,2719,1465,"2026-01-30","18219"
"Kenneth Walker III","RB","SEA",25.3,2022,57.8,72.7,15,2700,1902,"2026-01-30","23021"
"Tucker Kraft","TE","GB",25.2,2023,58.8,70.7,6.6,2637,1994,"2026-01-30","25298"
"Caleb Williams","QB","CHI",24.2,2024,61.7,17.3,8.6,2463,6992,"2026-01-30","23084"
"Kyle Pitts Sr.","TE","ATL",25.3,2021,61.8,85,8.4,2457,1425,"2026-01-30","20164"
"Christian Watson","WR","GB",26.7,2022,62.5,77.5,29,2417,1699,"2026-01-30","23886"
"Dalton Kincaid","TE","BUF",26.3,2023,63.4,75.5,11,2367,1781,"2026-01-30","25247"
"Cam Skattebo","RB","NYG",24,2025,63.5,77.2,21.3,2361,1711,"2026-01-30","27166"
"Jaxson Dart","QB","NYG",22.7,2025,65,24,9,2279,5974,"2026-01-30","23160"
"Michael Pittman Jr.","WR","IND",28.3,2020,65.7,98.5,38.6,2242,1037,"2026-01-30","19278"
"Javonte Williams","RB","DAL",25.8,2021,66.2,78.8,22.3,2216,1648,"2026-01-30","22739"
"Ricky Pearsall","WR","SF",25.4,2024,66.3,80.2,31.6,2211,1595,"2026-01-30","26214"
"Justin Herbert","QB","LAC",27.9,2020,67,17.8,9.4,2175,6911,"2026-01-30","18635"
"DJ Moore","WR","CHI",28.8,2018,69.6,98.8,41.4,2046,1030,"2026-01-30","17265"
"Harold Fannin Jr.","TE","CLE",21.5,2025,71.7,82.7,9.2,1947,1504,"2026-01-30","27050"
"Jordan Addison","WR","MIN",24,2023,72.3,86.3,34.8,1920,1382,"2026-01-30","23107"
"Michael Wilson","WR","ARI",25.9,2023,72.8,86.3,34.8,1898,1382,"2026-01-30","25333"
"Brandon Aiyuk","WR","SF",27.9,2020,73.9,85.8,48.6,1849,1398,"2026-01-30","19252"
"Terry McLaurin","WR","WAS",30.4,2019,76.2,88.8,36.2,1752,1303,"2026-01-30","18466"
"C.J. Stroud","QB","HOU",24.3,2023,78.5,36.7,17.6,1660,4432,"2026-01-30","23071"
"Courtland Sutton","WR","DEN",30.3,2018,80,91,37.2,1602,1237,"2026-01-30","17253"
"Derrick Henry","RB","BAL",32.1,2016,80.5,94.5,24.3,1583,1140,"2026-01-30","15514"
"Trevor Lawrence","QB","JAC",26.3,2021,80.8,29.8,11.8,1572,5213,"2026-01-30","19780"
"Bo Nix","QB","DEN",25.9,2024,81.3,30.2,13.6,1554,5164,"2026-01-30","22910"
"Brock Purdy","QB","SF",26.1,2022,82.5,30.8,12.6,1511,5092,"2026-01-30","19797"
"Wan'Dale Robinson","WR","NYG",25.1,2022,86,99.5,37.2,1391,1013,"2026-01-30","22985"
"Tyreek Hill","WR","MIA",31.9,2016,86.6,96.2,63.8,1372,1095,"2026-01-30","15802"
"Xavier Worthy","WR","KC",22.8,2024,87,99.5,42.8,1359,1013,"2026-01-30","23019"
"Jayden Higgins","WR","HOU",23.1,2025,88.8,101.5,40,1303,967,"2026-01-30","27077"
"Jordan Love","QB","GB",27.2,2020,90.5,28.1,13.4,1252,5425,"2026-01-30","19246"
"George Kittle","TE","SF",32.3,2017,90.8,100.2,9.8,1243,997,"2026-01-30","16499"
"Davante Adams","WR","LAR",33.1,2014,91.7,105.7,41.8,1217,876,"2026-01-30","12123"
"Brenton Strange","TE","JAC",25.1,2023,97.2,111.8,12.8,1069,759,"2026-01-30","25345"
"D'Andre Swift","RB","CHI",27,2020,97.5,111.3,29.2,1062,768,"2026-01-30","19210"
"Jakobi Meyers","WR","JAC",29.2,2019,98,109.5,47,1050,801,"2026-01-30","18598"
"Khalil Shakir","WR","BUF",26,2022,98,111.7,45,1050,761,"2026-01-30","23748"
"Quentin Johnston","WR","LAC",24.4,2023,99.3,112.8,47.2,1018,741,"2026-01-30","23123"
"Matthew Golden","WR","GB",22.5,2025,100,114.5,47.2,1001,712,"2026-01-30","26024"
"Dak Prescott","QB","DAL",32.5,2016,100.2,41.4,14.4,997,3969,"2026-01-30","15600"
"Woody Marks","RB","HOU",25.1,2025,101,116.2,40,978,684,"2026-01-30","27520"
"Jaylen Warren","RB","PIT",27.2,2022,101.8,114.8,29.5,960,707,"2026-01-30","24209"
"Blake Corum","RB","LAR",25.2,2024,105.3,119.8,30.5,884,629,"2026-01-30","23013"
"Zach Charbonnet","RB","SEA",25.1,2023,105.5,119.7,28.7,880,630,"2026-01-30","23152"
"Alec Pierce","WR","IND",25.7,2022,105.8,119,41.4,874,641,"2026-01-30","23791"
"Trey Benson","RB","ARI",23.5,2024,107.3,119.7,30.7,844,630,"2026-01-30","25388"
"Jauan Jennings","WR","SF",28.6,2020,108,121.5,51.8,830,604,"2026-01-30","19590"
"Jayden Reed","WR","GB",25.8,2023,109.3,121.7,50.2,805,601,"2026-01-30","23020"
"Mike Evans","WR","TB",32.4,2014,109.3,122.3,51.6,805,593,"2026-01-30","12119"
"Chris Godwin Jr.","WR","TB",29.9,2017,110.2,122.2,51.2,788,594,"2026-01-30","16406"
"Jake Ferguson","TE","DAL",27,2022,110.3,123.7,14.2,786,574,"2026-01-30","22718"
"Rhamondre Stevenson","RB","NE",27.9,2021,111.2,124.2,30.8,770,567,"2026-01-30","22726"
"Baker Mayfield","QB","TB",30.8,2018,112.3,46,16.8,750,3562,"2026-01-30","17237"
"Bhayshul Tuten","RB","JAC",23,2025,115.2,126,31,701,544,"2026-01-30","27297"
"Josh Downs","WR","IND",24.5,2023,115.8,126.7,54.4,691,535,"2026-01-30","24706"
"Tre Harris","WR","LAC",23.9,2025,118,133.8,55.2,656,453,"2026-01-30","26215"
"Parker Washington","WR","JAC",23.9,2023,118.5,130.8,48.4,648,486,"2026-01-30","23106"
"Jared Goff","QB","DET",31.3,2016,119.2,54.8,17.4,638,2897,"2026-01-30","15501"
"Jonathon Brooks","RB","CAR",22.5,2024,119.3,180.5,47.7,636,151,"2026-01-30","26148"
"T.J. Hockenson","TE","MIN",28.6,2019,119.8,132.7,17.2,629,464,"2026-01-30","18290"
"Sam Darnold","QB","SEA",28.7,2018,123.5,70.8,19.2,576,1989,"2026-01-30","17236"
"Jalen Coker","WR","CAR",24.3,2024,124.2,137,54.6,567,420,"2026-01-30","26403"
"Stefon Diggs","WR","NE",32.2,2015,125.2,136.8,58.4,554,422,"2026-01-30","13981"
"Oronde Gadsden II","TE","LAC",22.6,2025,125.7,125.7,18,547,547,"2026-01-30","25997"
"Chuba Hubbard","RB","CAR",26.6,2021,126,137.2,31.3,544,418,"2026-01-30","19792"
"Mason Taylor","TE","NYJ",21.7,2025,126,137.8,17.8,544,412,"2026-01-30","26005"
"Rico Dowdle","RB","CAR",27.6,2020,126.8,136,34,533,430,"2026-01-30","19647"
"Cam Ward","QB","TEN",23.7,2025,127,74.2,21.2,531,1836,"2026-01-30","24755"
"Dallas Goedert","TE","PHI",31.1,2018,129.2,140.5,17.8,504,387,"2026-01-30","17270"
"Malik Willis","QB","GB",26.7,2022,129.2,72.8,20.8,504,1898,"2026-01-30","23499"
"Mark Andrews","TE","BAL",30.4,2018,129.3,139.3,18.6,503,398,"2026-01-30","17269"
"Tank Dell","WR","HOU",26.3,2023,129.3,199.3,83,503,97,"2026-01-30","25361"
"Jalen McMillan","WR","TB",24.1,2024,131.2,142,61.4,481,373,"2026-01-30","23179"
"Anthony Richardson Sr.","QB","IND",23.7,2023,131.8,100.2,31,474,997,"2026-01-30","24347"
"Romeo Doubs","WR","GB",25.8,2022,132.5,144.8,58.4,467,349,"2026-01-30","23794"
"Deebo Samuel Sr.","WR","WAS",30,2019,135.7,147,61.4,433,332,"2026-01-30","18244"
"David Montgomery","RB","DET",28.6,2019,136.5,149.5,35.7,425,313,"2026-01-30","18239"
"Pat Bryant","WR","DEN",23.1,2025,136.5,150.2,59.6,425,308,"2026-01-30","27211"
"Kyle Monangai","RB","CHI",23.7,2025,136.7,141.5,39.8,423,378,"2026-01-30","27131"
"Theo Johnson","TE","NYG",24.9,2024,136.7,147.5,19.6,423,328,"2026-01-30","23104"
"Kyler Murray","QB","ARI",28.5,2019,137.8,59.9,23.4,412,2570,"2026-01-30","18600"
"Troy Franklin","WR","DEN",23,2024,138.2,149.3,55.6,408,314,"2026-01-30","23092"
"Terrance Ferguson","TE","LAR",22.9,2025,139.7,151.7,21,394,297,"2026-01-30","23091"
"Jaylin Noel","WR","HOU",23.4,2025,140.5,154,63.2,387,281,"2026-01-30","27122"
"Tyrone Tracy Jr.","RB","NYG",26.2,2024,141,152.2,38.2,382,294,"2026-01-30","22980"
"J.J. McCarthy","QB","MIN",23,2024,141.2,83.8,24,380,1465,"2026-01-30","23018"
"Tony Pollard","RB","TEN",28.8,2019,142.8,154.2,42.3,366,280,"2026-01-30","18705"
"Rashid Shaheed","WR","SEA",27.4,2022,143.2,152.3,65.6,363,293,"2026-01-30","24687"
"AJ Barner","TE","SEA",23.7,2024,144.8,154.2,19.8,349,280,"2026-01-30","26335"
"Jacory Croskey-Merritt","RB","WAS",24.8,2025,146.8,157.7,46.8,333,258,"2026-01-30","27316"
"Adonai Mitchell","WR","NYJ",23.3,2024,147,161.3,64,332,237,"2026-01-30","24357"
"Isaiah Likely","TE","BAL",25.8,2022,149.2,159.3,22.4,315,249,"2026-01-30","23781"
"Elic Ayomanor","WR","TEN",22.7,2025,150.7,159.2,64.6,304,249,"2026-01-30","27059"
"Kyle Williams","WR","NE",23.2,2025,150.8,162,68,303,233,"2026-01-30","27487"
"Bryce Young","QB","CAR",24.5,2023,151.3,90.3,24.6,300,1258,"2026-01-30","22900"
"Tyler Shough","QB","NO",26.3,2025,151.4,88,23.2,299,1328,"2026-01-30","23096"
"David Njoku","TE","CLE",29.6,2017,151.5,161.3,22,299,237,"2026-01-30","16399"
"Juwan Johnson","TE","NO",29.4,2020,151.5,162.2,21.2,299,232,"2026-01-30","19562"
"Michael Penix Jr.","QB","ATL",25.7,2024,152.2,96.3,25.2,294,1092,"2026-01-30","22973"
"Matthew Stafford","QB","LAR",38,2009,152.7,99.7,24.2,290,1008,"2026-01-30","9451"
"Elijah Arroyo","TE","SEA",22.8,2025,155.2,164.5,22.8,274,220,"2026-01-30","23004"
"Jerry Jeudy","WR","CLE",26.8,2020,157.7,169.3,67,258,196,"2026-01-30","19201"
"Hunter Henry","TE","NE",31.1,2016,158.5,164.3,21.8,253,221,"2026-01-30","15561"
"Tory Horton","WR","SEA",23.2,2025,159.7,169.2,68.6,246,197,"2026-01-30","26022"
"Daniel Jones","QB","IND",28.7,2019,160,105.2,27.2,244,886,"2026-01-30","18232"
"Tyler Allgeier","RB","ATL",25.8,2022,160.7,169.8,41.8,240,194,"2026-01-30","24172"
"Isaac TeSlaa","WR","DET",23.9,2025,163.3,171.8,71,226,185,"2026-01-30","27446"
"J.K. Dobbins","RB","DEN",27.1,2020,163.5,176,46.7,225,168,"2026-01-30","19245"
"Kenneth Gainwell","RB","PIT",26.9,2021,165.8,171.3,48.4,213,187,"2026-01-30","23310"
"Chimere Dike","WR","TEN",24.1,2025,168.2,180.5,65.6,202,151,"2026-01-30","27315"
"Keon Coleman","WR","BUF",22.7,2024,169.3,179.5,76.6,196,155,"2026-01-30","26019"
"Kayshon Boutte","WR","NE",23.7,2023,172,182.5,72.6,184,144,"2026-01-30","22989"
"James Conner","RB","ARI",30.7,2017,172.7,184.8,48.8,181,137,"2026-01-30","16447"
"Kaleb Johnson","RB","PIT",22.5,2025,173,177.7,39.8,180,161,"2026-01-30","27165"
"Tyjae Spears","RB","TEN",24.6,2023,174.7,183.2,47.5,173,142,"2026-01-30","25323"
"Marvin Mims Jr.","WR","DEN",23.9,2023,175,184.7,75.6,172,137,"2026-01-30","23080"
"Alvin Kamara","RB","NO",30.5,2017,175.7,183.8,43.8,169,140,"2026-01-30","16421"
"Travis Kelce","TE","KC",36.3,2013,175.8,184.2,25.4,169,138,"2026-01-30","11594"
"Jordan Mason","RB","MIN",26.7,2022,179.2,190.8,50.3,156,119,"2026-01-30","22969"
"Darnell Mooney","WR","ATL",28.3,2020,179.3,189.8,80.4,155,121,"2026-01-30","19810"
"Isiah Pacheco","RB","KC",26.9,2022,179.8,190.2,48.2,154,120,"2026-01-30","24333"
"Braelon Allen","RB","NYJ",22,2024,180.3,191.2,49.5,152,117,"2026-01-30","24346"
"Jack Bech","WR","LV",23.1,2025,181,190.3,77.8,149,120,"2026-01-30","27224"
"Dalton Schultz","TE","HOU",29.6,2018,181.2,189.7,27.4,149,122,"2026-01-30","17349"
"Aaron Jones Sr.","RB","MIN",31.2,2017,181.7,192.5,49.2,147,114,"2026-01-30","16673"
"Tank Bigsby","RB","PHI",24.4,2023,184.3,194.2,47.8,138,109,"2026-01-30","22908"
"Calvin Ridley","WR","TEN",31.1,2018,184.8,195.2,77,137,107,"2026-01-30","17258"
"Ryan Flournoy","WR","DAL",26.3,2024,185,189.2,76.8,136,123,"2026-01-30","26398"
"Cade Otton","TE","TB",26.8,2022,185.5,194.8,29.8,134,108,"2026-01-30","23181"
"Tua Tagovailoa","QB","MIA",27.9,2020,185.8,101.1,32,133,976,"2026-01-30","19198"
"Brian Robinson Jr.","RB","SF",26.9,2022,186.2,195,48.8,132,107,"2026-01-30","20094"
"Mac Jones","QB","SF",27.4,2021,186.2,139.2,30.4,132,399,"2026-01-30","20156"
"Chig Okonkwo","TE","TEN",26.4,2022,187,196.5,27.2,130,104,"2026-01-30","23982"
"Rashod Bateman","WR","BAL",26.2,2021,187.4,196.8,81.2,128,103,"2026-01-30","19794"
"Evan Engram","TE","DEN",31.4,2017,188.2,193.2,28.2,126,112,"2026-01-30","16411"
"Dylan Sampson","RB","CLE",21.4,2025,188.3,197.3,51,126,102,"2026-01-30","27102"
"Xavier Legette","WR","CAR",25,2024,188.4,198.2,82.6,125,100,"2026-01-30","26136"
"Rachaad White","RB","TB",27,2022,188.7,198.8,49.7,125,98,"2026-01-30","23891"
"Kimani Vidal","RB","LAC",24.4,2024,190.2,196,48.3,120,105,"2026-01-30","26355"
"Dontayvion Wicks","WR","GB",24.6,2023,194,203.2,82.4,110,89,"2026-01-30","24354"
"Colby Parkinson","TE","LAR",27.1,2020,195,199.5,37.4,107,97,"2026-01-30","19372"
"Pat Freiermuth","TE","PIT",27.3,2021,195.7,197.3,30,106,102,"2026-01-30","20163"
"Gunnar Helm","TE","TEN",23.4,2025,197.2,194.4,35.2,102,109,"2026-01-30","27109"
"Christian Kirk","WR","HOU",29.2,2018,198,200.3,83.6,100,95,"2026-01-30","17268"
"Jacoby Brissett","QB","ARI",33.1,2016,198.8,185,32.2,98,136,"2026-01-30","15642"
"Tre Tucker","WR","LV",24.9,2023,201.4,212.6,79.8,92,71,"2026-01-30","25337"
"Cedric Tillman","WR","CLE",25.8,2023,205,212.8,85,85,71,"2026-01-30","25287"
"Marquise Brown","WR","KC",28.7,2019,205.8,212.5,91.4,83,71,"2026-01-30","18226"
"Jaylen Wright","RB","MIA",22.8,2024,206.7,214.8,55.6,82,67,"2026-01-30","25987"
"Devin Neal","RB","NO",22.5,2025,207.2,208,53,81,79,"2026-01-30","23682"
"Ray Davis","RB","BUF",26.2,2024,207.8,217.2,58,80,64,"2026-01-30","26191"
"Shedeur Sanders","QB","CLE",24,2025,208,136,32.2,79,430,"2026-01-30","25968"
"Cooper Kupp","WR","SEA",32.6,2017,208.8,215.3,92.6,78,67,"2026-01-30","16433"
"Malik Washington","WR","MIA",25.1,2024,211,221.2,88.2,74,58,"2026-01-30","26314"
"Darnell Washington","TE","PIT",24.5,2023,211.5,219.5,43.2,73,60,"2026-01-30","22967"
"Ollie Gordon II","RB","MIA",22,2025,212.3,219.7,55.3,72,60,"2026-01-30","25984"
"John Metchie III","WR","NYJ",25.5,2022,212.8,212,82.2,71,72,"2026-01-30","22895"
"Emanuel Wilson","RB","GB",26.7,2023,213.5,210,55,70,75,"2026-01-30","25885"
"Joe Milton III","QB","DAL",25.9,2024,213.5,340.6,34,70,4,"2026-01-30","25967"
"Diontae Johnson","WR","FA",NA,NA,216.7,237.3,103,65,40,"2026-01-30","18615"
"Chris Rodriguez Jr.","RB","WAS",25.3,2023,218.4,224.6,65,62,54,"2026-01-30","22986"
"Michael Mayer","TE","LV",24.6,2023,219.4,220.6,35.8,61,59,"2026-01-30","23056"
"Keenan Allen","WR","LAC",33.8,2013,220.4,221.2,91.8,59,58,"2026-01-30","11616"
"Geno Smith","QB","LV",35.3,2013,221.7,152.2,32.6,57,294,"2026-01-30","11687"
"Tez Johnson","WR","TB",23.7,2025,222.5,227.7,89.8,56,50,"2026-01-30","27147"
"Russell Wilson","QB","NYG",NA,NA,222.7,193.7,42.4,56,111,"2026-01-30","11180"
"Ja'Tavion Sanders","TE","CAR",22.8,2024,223.7,229.3,36.6,55,48,"2026-01-30","24334"
"Darius Slayton","WR","NYG",29,2019,224.2,226.6,88,54,51,"2026-01-30","18706"
"Andrei Iosivas","WR","CIN",26.3,2023,224.4,233,94.4,54,44,"2026-01-30","25335"
"Justin Fields","QB","NYJ",26.9,2021,225.4,146.8,35.6,53,333,"2026-01-30","19781"
"Zach Ertz","TE","WAS",35.2,2013,225.8,220.2,36.2,52,59,"2026-01-30","11689"
"Jonnu Smith","TE","PIT",30.4,2017,226.5,230,31.8,51,47,"2026-01-30","16460"
"Sean Tucker","RB","TB",24.3,2023,227.8,222.7,55.2,50,56,"2026-01-30","23679"
"Greg Dulcich","TE","MIA",25.8,2022,228.7,225.3,51.8,49,53,"2026-01-30","23153"
"Elijah Moore","WR","DEN",25.8,2021,229.3,249.3,124.3,48,30,"2026-01-30","20114"
"Konata Mumpfield","WR","LAR",23.3,2025,229.7,229,91.7,48,48,"2026-01-30","27449"
"Devaughn Vele","WR","NO",28.1,2024,229.8,236.8,95.6,47,40,"2026-01-30","26409"
"Ben Sinnott","TE","WAS",23.6,2024,230,223.5,35.6,47,55,"2026-01-30","26310"
"Aaron Rodgers","QB","PIT",42.2,2005,230.6,161.2,36.5,47,238,"2026-01-30","9001"
"Cole Kmet","TE","CHI",26.9,2020,231,235.7,35.2,46,41,"2026-01-30","19229"
"Quinn Ewers","QB","MIA",22.7,2025,231.4,168.3,36.5,46,201,"2026-01-30","23680"
"Keaton Mitchell","RB","BAL",24,2023,232.2,226.6,63.5,45,51,"2026-01-30","25360"
"Tyler Lockett","WR","LV",33.3,2015,232.5,236,134,44,41,"2026-01-30","13971"
"Brashard Smith","RB","KC",22.8,2025,232.6,235.2,70.2,44,42,"2026-01-30","27259"
"Jalen Royals","WR","KC",22.9,2025,234.3,236.5,100.4,43,41,"2026-01-30","27076"
"Joshua Palmer","WR","BUF",26.4,2021,234.4,236,100,43,41,"2026-01-30","22845"
"Joe Mixon","RB","HOU",29.5,2017,234.5,230.5,58.2,42,47,"2026-01-30","16420"
"Jake Tonges","TE","SF",26.6,2022,234.7,223.3,36.7,42,55,"2026-01-30","24778"
"Noah Gray","TE","KC",26.8,2021,235.8,240.4,38.8,41,37,"2026-01-30","19539"
"Jalen Nailor","WR","MIN",26.9,2022,235.8,231.5,96.7,41,46,"2026-01-30","24177"
"Roman Wilson","WR","PIT",24.6,2024,237.8,241.8,100.2,39,36,"2026-01-30","26160"
"Najee Harris","RB","LAC",27.9,2021,237.8,233,63,39,44,"2026-01-30","19302"
"Isaiah Davis","RB","NYJ",23.9,2024,239,232,60.8,38,45,"2026-01-30","25977"
"DeMario Douglas","WR","NE",25.1,2023,239.6,236.4,98,38,41,"2026-01-30","25304"
"Deshaun Watson","QB","CLE",NA,NA,240,353.6,47,37,3,"2026-01-30","16398"
"Isaiah Bond","WR","CLE",21.9,2025,240.4,244.8,94.2,37,33,"2026-01-30","24371"
"Kendre Miller","RB","NO",23.6,2023,240.7,239.3,62.6,37,38,"2026-01-30","24360"
"Jaydon Blue","RB","DAL",22.1,2025,242.2,234,63.7,35,43,"2026-01-30","24344"
"Jameis Winston","QB","NYG",32.1,2015,243.4,154.5,38.8,34,278,"2026-01-30","13891"
"Dont'e Thornton Jr.","WR","LV",23.2,2025,243.6,247.2,99.6,34,31,"2026-01-30","27288"
"Calvin Austin III","WR","PIT",26.9,2022,244,237.2,102.5,34,40,"2026-01-30","23739"
"Mike Gesicki","TE","CIN",30.3,2018,244.2,237.4,36.6,34,40,"2026-01-30","17272"
"DJ Giddens","RB","IND",22.4,2025,246,243.4,66.2,32,34,"2026-01-30","27097"
"Marcus Mariota","QB","WAS",32.3,2015,246.8,347.8,41.2,32,3,"2026-01-30","13890"
"Jalen Milroe","QB","SEA",23.1,2025,247.2,178.4,36.2,31,159,"2026-01-30","22884"
"Xavier Hutchinson","WR","HOU",25.7,2023,248,235.3,102,31,42,"2026-01-30","25332"
"Spencer Rattler","QB","NO",25.3,2024,249.8,229.5,38.8,30,48,"2026-01-30","23081"
"Mack Hollins","WR","NE",32.4,2017,250,236,102.3,29,41,"2026-01-30","16489"
"Will Howard","QB","PIT",24.4,2025,251,188,43.4,29,127,"2026-01-30","25972"
"Tanner McKee","QB","PHI",25.8,2023,251.3,347.1,40.5,29,3,"2026-01-30","24740"
"Phil Mafah","RB","DAL",23.3,2025,251.5,256,82.5,28,26,"2026-01-30","22928"
"Kirk Cousins","QB","ATL",37.4,2012,253.8,192,38.8,27,115,"2026-01-30","11177"
"Tyquan Thornton","WR","KC",25.5,2022,254.2,243,100,27,35,"2026-01-30","22913"
"Jarquez Hunter","RB","LAR",23.1,2025,254.4,248,69.3,27,31,"2026-01-30","24335"
"Tyler Conklin","TE","LAC",30.5,2018,255.5,252,44.7,26,28,"2026-01-30","17598"
"Audric Estime","RB","NO",22.4,2024,256.2,247.2,70.5,25,31,"2026-01-30","23054"
"Nick Westbrook-Ikhine","WR","MIA",28.9,2020,257.5,253,130.5,25,27,"2026-01-30","19747"
"Jalen Tolbert","WR","DAL",26.9,2022,258,253.2,113.6,24,27,"2026-01-30","23770"
"Roschon Johnson","RB","CHI",25,2023,258.8,260,82.2,24,23,"2026-01-30","25322"
"DeAndre Hopkins","WR","BAL",33.7,2013,259,254,125.2,24,27,"2026-01-30","11606"
"Davis Mills","QB","HOU",27.3,2021,259.7,350.6,44,23,3,"2026-01-30","22799"
"Jeremiyah Love","RB","FA",NA,NA,259.7,259.7,3,23,23,"2026-01-30","25403"
"KeAndre Lambert-Smith","WR","LAC",24.3,2025,261.2,256.2,106,23,25,"2026-01-30","24372"
"Luke McCaffrey","WR","WAS",24.8,2024,264.4,260,106.8,21,23,"2026-01-30","26328"
"Tai Felton","WR","MIN",22.9,2025,267.4,268,107,20,19,"2026-01-30","27182"
"Savion Williams","WR","GB",24.2,2025,267.8,263.3,107.8,19,22,"2026-01-30","27144"
"Isaac Guerendo","RB","SF",25.6,2024,268.5,256.8,68,19,25,"2026-01-30","26392"
"Jordan Whittington","WR","LAR",25.3,2024,272.2,265.8,109,18,20,"2026-01-30","23135"
"Jordan James","RB","SF",21.8,2025,272.8,272.5,82.8,17,17,"2026-01-30","27310"
"Darren Waller","TE","MIA",33.4,2015,273.3,252.7,41.7,17,28,"2026-01-30","14104"
"Gabe Davis","WR","BUF",26.8,2020,273.3,253.3,111.5,17,27,"2026-01-30","19398"
"Aidan O'Connell","QB","LV",27.4,2023,274,353.6,47,17,3,"2026-01-30","24330"
"Efton Chism III","WR","NE",24.3,2025,274.7,270,121,17,18,"2026-01-30","27445"
"Jarrett Stidham","QB","DEN",29.5,2019,275.3,349.6,43,16,3,"2026-01-30","18604"
"Dyami Brown","WR","JAC",26.2,2021,275.3,260,134.3,16,23,"2026-01-30","20113"
"Will Shipley","RB","PHI",23.4,2024,275.4,253.6,71.2,16,27,"2026-01-30","22930"
"Dillon Gabriel","QB","CLE",25.1,2025,275.5,352.9,46.3,16,3,"2026-01-30","23150"
"Jonah Coleman","RB","FA",NA,NA,275.7,275.7,19,16,16,"2026-01-30","27320"
"Noah Fant","TE","CIN",28.2,2019,276.8,254.2,45.2,16,27,"2026-01-30","17527"
"Austin Ekeler","RB","WAS",30.7,2017,277,259.7,88,16,23,"2026-01-30","16483"
"Jordan Watkins","WR","SF",24,2025,277,251.5,127.7,16,28,"2026-01-30","27486"
"Trey Lance","QB","LAC",25.7,2021,277.2,355.9,49.3,16,2,"2026-01-30","20082"
"Tyler Higbee","TE","LAR",33.1,2016,277.8,257.2,43.6,15,25,"2026-01-30","15623"
"Will Levis","QB","TEN",26.6,2023,277.8,350.6,44,15,3,"2026-01-30","22987"
"Zach Wilson","QB","MIA",26.5,2021,278,355.1,48.5,15,2,"2026-01-30","22679"
"Brandin Cooks","WR","BUF",32.3,2014,278.8,258.5,119.5,15,24,"2026-01-30","12122"
"Riley Leonard","QB","IND",23.4,2025,281.5,352.6,46,14,3,"2026-01-30","25373"
"MarShawn Lloyd","RB","GB",25.1,2024,282,266.6,70.2,14,20,"2026-01-30","23118"
"Joe Flacco","QB","CIN",41,2008,282,351.6,45,14,3,"2026-01-30","9300"
"Luke Musgrave","TE","GB",25.4,2023,283.4,263,45.2,13,22,"2026-01-30","25282"
"Cade Stover","TE","HOU",25.6,2024,284,264.2,46.8,13,21,"2026-01-30","25269"
"Jadarian Price","RB","FA",NA,NA,284.7,284.7,28,13,13,"2026-01-30","27329"
"Xavier Restrepo","WR","TEN",23.8,2025,284.8,278.5,117.6,13,15,"2026-01-30","27066"
"Jimmy Horn Jr.","WR","CAR",23.4,2025,287,262,110,12,22,"2026-01-30","27294"
"Kareem Hunt","RB","KC",30.5,2017,288,269.4,80,12,19,"2026-01-30","16425"
"Trevor Etienne","RB","CAR",21.6,2025,291,275,78,11,16,"2026-01-30","25393"
"Mason Rudolph","QB","PIT",30.5,2018,291.2,356.6,50,11,2,"2026-01-30","17234"
"Khalil Herbert","RB","NYJ",27.8,2021,292.5,279,77,11,15,"2026-01-30","22763"
"Damien Martinez","RB","GB",22,2025,292.5,275,91,11,16,"2026-01-30","25976"
"Kaytron Allen","RB","FA",NA,NA,292.7,292.7,36,11,11,"2026-01-30","24362"
"Zack Moss","RB","FA",NA,NA,293.5,281.5,75,11,14,"2026-01-30","19263"
"Devontez Walker","WR","BAL",24.6,2024,295.2,277.5,109,10,15,"2026-01-30","26011"
"Jaylin Lane","WR","WAS",23.8,2025,295.6,286.4,109.4,10,13,"2026-01-30","27454"
"Ja'Lynn Polk","WR","NO",23.8,2024,295.7,273.7,129,10,17,"2026-01-30","26205"
"Emmett Johnson","RB","FA",NA,NA,295.7,295.7,39,10,10,"2026-01-30","28107"
"Davis Allen","TE","LAR",25,2023,297,270.5,60,10,18,"2026-01-30","23761"
"Taysom Hill","TE","NO",35.4,2017,297.5,267,44,10,20,"2026-01-30","17115"
"Tyrod Taylor","QB","NYJ",36.5,2011,298,358.9,52.3,10,2,"2026-01-30","10007"
"Nicholas Singleton","RB","FA",NA,NA,298.7,298.7,42,9,9,"2026-01-30","24343"
"Tutu Atwell","WR","LAR",26.3,2021,299.7,276.7,125.7,9,16,"2026-01-30","20126"
"Tahj Brooks","RB","CIN",23.7,2025,300,278.2,78.2,9,15,"2026-01-30","26212"
"Demarcus Robinson","WR","SF",31.4,2016,301,270.7,122,9,18,"2026-01-30","15665"
"Darius Cooper","WR","PHI",NA,NA,301,270.5,106.5,9,18,"2026-01-30","27866"
"Kendrick Bourne","WR","SF",30.5,2017,301.5,268,118,9,19,"2026-01-30","17066"
"Dameon Pierce","RB","KC",25.9,2022,302,284.5,89,9,13,"2026-01-30","22947"
"Nick Chubb","RB","HOU",30.1,2018,304.2,277.6,78.5,8,15,"2026-01-30","17246"
"Olamide Zaccheaus","WR","CHI",28.5,2019,304.3,266.3,116.3,8,20,"2026-01-30","18864"
"Jalin Hyatt","WR","NYG",24.3,2023,305,300,133,8,9,"2026-01-30","25251"
"Erick All Jr.","TE","CIN",25.4,2024,305.2,276.2,49.6,8,16,"2026-01-30","23837"
"LeQuint Allen Jr.","RB","JAC",21.5,2025,306.3,266.7,85,8,20,"2026-01-30","27285"
"Brevin Jordan","TE","HOU",25.5,2021,306.5,275,51,8,16,"2026-01-30","20162"
"Miles Sanders","RB","DAL",28.8,2019,307.2,279,88.7,8,15,"2026-01-30","18283"
"Jaleel McLaughlin","RB","DEN",25.4,2023,307.4,276.4,75.8,8,16,"2026-01-30","25876"
"Jerome Ford","RB","CLE",26.4,2022,307.6,283.2,75.5,8,14,"2026-01-30","22921"
"Demond Claiborne","RB","FA",NA,NA,307.7,307.7,51,8,8,"2026-01-30","28084"
"Thomas Fidone II","TE","NYG",23.4,2025,310.5,272,66.3,7,18,"2026-01-30","23039"
"Malachi Corley","WR","CLE",23.9,2024,312.3,276,121,7,16,"2026-01-30","26023"
"Treylon Burks","WR","WAS",25.9,2022,315.3,271.7,119,6,18,"2026-01-30","22905"
"Jimmy Garoppolo","QB","LAR",34.2,2014,315.5,359.6,53,6,2,"2026-01-30","12208"
"Dawson Knox","TE","BUF",29.2,2019,315.7,270.3,46,6,18,"2026-01-30","18631"
"L.J. Martin","RB","FA",NA,NA,316.7,316.7,60,6,6,"2026-01-30","28106"
"Chris Brooks","RB","GB",26.1,2023,317,287,75,6,12,"2026-01-30","25823"
"Devin Singletary","RB","NYG",28.4,2019,317.2,284.8,79.8,6,13,"2026-01-30","18280"
"Kenny Pickett","QB","LV",27.7,2022,317.5,357.3,50.7,6,2,"2026-01-30","22722"
"Gardner Minshew II","QB","KC",29.7,2019,317.7,357.9,51.3,6,2,"2026-01-30","18562"
"Jahan Dotson","WR","PHI",25.9,2022,318,283.5,122.3,6,13,"2026-01-30","23101"
"Le'Veon Moss","RB","FA",NA,NA,321.7,321.7,65,5,5,"2026-01-30","27323"
"Noah Brown","WR","WAS",30.1,2017,322.3,290.7,137.3,5,11,"2026-01-30","16443"
"Mitchell Trubisky","QB","BUF",31.4,2017,322.5,360.6,54,5,2,"2026-01-30","16381"
"Greg Dortch","WR","ARI",27.7,2019,322.7,275.7,120.3,5,16,"2026-01-30","18585"
"Rueben Owens","RB","FA",NA,NA,322.7,322.7,66,5,5,"2026-01-30","27322"
"Raheem Mostert","RB","LV",NA,NA,323,283,93.3,5,14,"2026-01-30","14338"
"KaVontae Turpin","WR","DAL",29.5,2022,325.3,279.7,121.7,5,15,"2026-01-30","18520"
"Ty Johnson","RB","BUF",28.4,2019,325.5,278.2,82,5,15,"2026-01-30","18406"
"Alexander Mattison","RB","MIA",27.6,2019,326,292.3,85,5,11,"2026-01-30","18621"
"Elijah Higgins","TE","ARI",25.3,2023,326,275.5,51,5,16,"2026-01-30","23119"
"Will Dissly","TE","LAC",29.6,2018,327,290.7,52.8,5,11,"2026-01-30","18049"
"Raheim Sanders","RB","CLE",23.6,2025,328,279.3,80.7,5,15,"2026-01-30","24351"
"Bam Knight","RB","ARI",24.8,2022,329,285.5,81.5,5,13,"2026-01-30","24901"
"Antonio Gibson","RB","NE",27.6,2020,330.6,292.4,85,4,11,"2026-01-30","19624"
"Justice Hill","RB","BAL",28.2,2019,332,292.2,76.2,4,11,"2026-01-30","18256"
"Jeremy Ruckert","TE","NYJ",25.5,2022,336,284.7,53.7,4,13,"2026-01-30","23742"
"Austin Hooper","TE","NE",31.3,2016,336.7,286,53.7,4,13,"2026-01-30","15581"
"Arian Smith","WR","NYJ",24.3,2025,337.7,293,125,4,11,"2026-01-30","22965"
"Jawhar Jordan","RB","HOU",26.5,2024,338,282.5,85,4,14,"2026-01-30","26329"
"Michael Carter","RB","ARI",26.7,2021,339,286.7,79,4,12,"2026-01-30","22728"
"Foster Moreau","TE","NO",28.7,2019,339.7,293.5,56,4,11,"2026-01-30","18397"
"Elijah Mitchell","RB","FA",27.7,2021,339.7,339.7,83,4,4,"2026-01-30","22813"
"Jam Miller","RB","FA",NA,NA,339.7,339.7,83,4,4,"2026-01-30","27326"
"Jared Wiley","TE","KC",25.2,2024,339.7,339.7,56,4,4,"2026-01-30","26343"
"Josh Oliver","TE","MIN",28.9,2019,341.4,296,57.7,3,10,"2026-01-30","18487"
"Daniel Bellinger","TE","NYG",25.4,2022,341.4,341.4,57.7,3,3,"2026-01-30","24238"
"Rasheen Ali","RB","BAL",25,2024,341.7,341.7,85,3,3,"2026-01-30","25983"
"Mitchell Evans","TE","CAR",22.9,2025,342,294.5,58,3,10,"2026-01-30","27138"
"Emari Demercado","RB","ARI",27,2023,342.2,307.5,85.5,3,8,"2026-01-30","25654"
"Tommy Tremble","TE","CAR",25.7,2021,344,283,53.5,3,14,"2026-01-30","22795"
"Ty Chandler","RB","MIN",27.7,2022,344.7,344.7,88,3,3,"2026-01-30","19471"
"Luke Schoonmaker","TE","DAL",27.3,2023,346.5,285,47.7,3,13,"2026-01-30","25267"
"Jelani Woods","TE","NYJ",27.3,2022,347.2,347.2,63.5,3,3,"2026-01-30","23829"
"Sincere McCormick","RB","FA",25.4,2022,347.7,347.7,91,3,3,"2026-01-30","23172"
"Van Jefferson","WR","TEN",29.5,2020,347.7,347.7,135,3,3,"2026-01-30","19483"
"Stone Smartt","TE","NYJ",NA,NA,348.2,348.2,64.5,3,3,"2026-01-30","24621"
"Zamir White","RB","LV",26.4,2022,348.7,348.7,92,3,3,"2026-01-30","20095"
"Tyler Badie","RB","DEN",26,2022,348.7,348.7,92,3,3,"2026-01-30","23812"
"Charlie Kolar","TE","BAL",27,2022,348.7,348.7,65,3,3,"2026-01-30","22756"
"Kyle McCord","QB","GB",23.4,2025,350,360.6,54,3,2,"2026-01-30","23066"
"Dylan Laube","RB","LV",26.1,2024,351.7,351.7,95,3,3,"2026-01-30","26194"
"Drew Lock","QB","SEA",29.2,2019,353.5,364.1,57.5,3,2,"2026-01-30","18225"
"Samaje Perine","RB","CIN",30.4,2017,354.7,354.7,98,3,3,"2026-01-30","16423"
"Cam Akers","RB","SEA",26.6,2020,354.7,354.7,98,3,3,"2026-01-30","19268"
"Jake Browning","QB","CIN",29.8,2019,355,365.6,59,3,2,"2026-01-30","18557"
"Jonathan Mingo","WR","DAL",24.8,2023,355.2,355.2,142.5,2,2,"2026-01-30","23030"
"Jeremy McNichols","RB","WAS",30.1,2017,355.7,355.7,99,2,2,"2026-01-30","16445"
"Jamari Thrash","WR","CLE",25.1,2024,356.2,356.2,143.5,2,2,"2026-01-30","26162"
"A.J. Dillon","RB","PHI",27.7,2020,357,357,100.3,2,2,"2026-01-30","19358"
"Marquez Valdes-Scantling","WR","PIT",31.3,2018,358.7,358.7,146,2,2,"2026-01-30","17528"
"Evan Hull","RB","NO",NA,NA,359.7,359.7,103,2,2,"2026-01-30","25325"
"Andy Dalton","QB","CAR",NA,NA,361.5,372.1,65.5,2,2,"2026-01-30","9907"
"Kalel Mullings","RB","TEN",23.3,2025,362.7,362.7,106,2,2,"2026-01-30","27045"
"Zay Jones","WR","ARI",30.8,2017,369.2,369.2,156.5,2,2,"2026-01-30","16431"
"Jake Briningstool","TE","KC",NA,NA,374.7,374.7,91,2,2,"2026-01-30","22924"
